YEAR_MONTH,Monthly_Trolley_Total,Monthly_Ward_Total,BENZO_FREQ_N03AE01,BENZO_FREQ_N05BA01,BENZO_FREQ_N05BA02,BENZO_FREQ_N05BA05,BENZO_FREQ_N05BA06,BENZO_FREQ_N05BA08,BENZO_FREQ_N05BA09,BENZO_FREQ_N05BA11,BENZO_FREQ_N05BA12,BENZO_FREQ_N05CD01,BENZO_FREQ_N05CD02,BENZO_FREQ_N05CD05,BENZO_FREQ_N05CD07,BENZO_FREQ_N05CD08,BENZO_FREQ_N05CF01,BENZO_FREQ_N05CF02,BENZO_PATIENTS_N03AE01,BENZO_PATIENTS_N05BA01,BENZO_PATIENTS_N05BA02,BENZO_PATIENTS_N05BA05,BENZO_PATIENTS_N05BA06,BENZO_PATIENTS_N05BA08,BENZO_PATIENTS_N05BA09,BENZO_PATIENTS_N05BA11,BENZO_PATIENTS_N05BA12,BENZO_PATIENTS_N05CD01,BENZO_PATIENTS_N05CD02,BENZO_PATIENTS_N05CD05,BENZO_PATIENTS_N05CD07,BENZO_PATIENTS_N05CD08,BENZO_PATIENTS_N05CF01,BENZO_PATIENTS_N05CF02
2018-01-01,9104,3291,7319.0,36919.0,2568.0,18.0,3720.0,7418.0,1343.0,1280.0,34085.0,9666.0,1428.0,6761.0,7663.0,2570.0,51338.0,40883.0,5916.0,29153.0,1888.0,17.0,3007.0,6359.0,1133.0,1137.0,28068.0,7980.0,1230.0,5717.0,6421.0,2029.0,42837.0,34878.0
2018-02-01,8032,2982,6643.0,33333.0,2140.0,18.0,3387.0,6905.0,1207.0,1199.0,30757.0,8774.0,1274.0,6072.0,6914.0,2183.0,46257.0,36647.0,5696.0,27643.0,1628.0,17.0,2899.0,6141.0,1098.0,1115.0,26592.0,7646.0,1164.0,5429.0,6089.0,1709.0,40471.0,32592.0
2018-03-01,7611,3083,7147.0,35477.0,2220.0,14.0,3568.0,7226.0,1265.0,1254.0,32788.0,9400.0,1354.0,6407.0,7259.0,2287.0,49032.0,38812.0,5877.0,28403.0,1687.0,12.0,2965.0,6258.0,1094.0,1127.0,27507.0,7800.0,1203.0,5504.0,6157.0,1788.0,41448.0,33567.0
2018-04-01,6586,2847,7002.0,34545.0,2336.0,17.0,3519.0,7052.0,1237.0,1239.0,32093.0,8982.0,1304.0,6177.0,6948.0,2281.0,47319.0,37464.0,5859.0,28290.0,1683.0,16.0,3001.0,6238.0,1092.0,1120.0,27484.0,7656.0,1181.0,5470.0,6075.0,1800.0,40877.0,32983.0
2018-05-01,6393,2790,7342.0,36448.0,2341.0,20.0,3659.0,7328.0,1290.0,1280.0,34184.0,9436.0,1341.0,6480.0,7281.0,2392.0,49717.0,39327.0,5922.0,28605.0,1688.0,17.0,2982.0,6261.0,1094.0,1134.0,28275.0,7707.0,1175.0,5510.0,6122.0,1824.0,41309.0,33459.0
2018-06-01,4828,2086,6865.0,34685.0,2186.0,16.0,3446.0,6973.0,1212.0,1229.0,32287.0,8893.0,1300.0,6227.0,6835.0,2155.0,47148.0,37405.0,5722.0,28118.0,1648.0,13.0,2907.0,6131.0,1062.0,1115.0,27341.0,7531.0,1148.0,5445.0,5926.0,1677.0,40370.0,32510.0
2018-07-01,4748,2341,6924.0,35426.0,2460.0,16.0,3541.0,7027.0,1257.0,1242.0,32947.0,9044.0,1357.0,6281.0,6968.0,2325.0,48028.0,37825.0,5667.0,28428.0,1720.0,14.0,2920.0,6128.0,1098.0,1121.0,27667.0,7587.0,1174.0,5426.0,5960.0,1785.0,40623.0,32781.0
2018-08-01,5484,2452,7380.0,36866.0,2439.0,16.0,3677.0,7312.0,1307.0,1296.0,34418.0,9409.0,1350.0,6531.0,7188.0,2274.0,50193.0,39712.0,5970.0,29082.0,1812.0,14.0,3014.0,6215.0,1101.0,1138.0,28365.0,7679.0,1166.0,5496.0,6000.0,1758.0,41536.0,33663.0
2018-09-01,5415,2409,6872.0,33714.0,2196.0,16.0,3348.0,6786.0,1231.0,1203.0,31673.0,8452.0,1265.0,6051.0,6616.0,2361.0,46183.0,36780.0,5792.0,27924.0,1656.0,14.0,2857.0,6035.0,1066.0,1097.0,27311.0,7359.0,1137.0,5344.0,5863.0,1889.0,40300.0,32670.0
2018-10-01,6235,2820,7369.0,36250.0,2297.0,21.0,3764.0,7160.0,1236.0,1270.0,33385.0,9117.0,1308.0,6513.0,7051.0,2445.0,49470.0,39071.0,5970.0,28880.0,1676.0,18.0,3024.0,6170.0,1083.0,1131.0,27875.0,7528.0,1147.0,5478.0,5982.0,1906.0,41505.0,33572.0
2018-11-01,6637,3042,7386.0,36058.0,2339.0,19.0,3707.0,7139.0,1225.0,1271.0,33479.0,9057.0,1292.0,6333.0,6997.0,2443.0,49278.0,39150.0,5988.0,28843.0,1682.0,15.0,3062.0,6157.0,1058.0,1111.0,28020.0,7557.0,1142.0,5400.0,5946.0,1887.0,41528.0,33745.0
2018-12-01,4855,2156,7083.0,34498.0,1972.0,18.0,3582.0,7001.0,1215.0,1203.0,32421.0,8713.0,1274.0,6222.0,6834.0,2198.0,47688.0,38253.0,5894.0,28116.0,1514.0,16.0,3010.0,6138.0,1057.0,1090.0,27435.0,7388.0,1143.0,5378.0,5879.0,1692.0,40757.0,33387.0
2019-01-01,7369,2981,7498.0,36481.0,2686.0,23.0,3720.0,7144.0,1228.0,1271.0,33868.0,9135.0,1338.0,6561.0,7091.0,2242.0,50788.0,40570.0,6010.0,28888.0,1931.0,18.0,3057.0,6121.0,1059.0,1124.0,28033.0,7544.0,1166.0,5509.0,5986.0,1742.0,42403.0,34663.0
2019-02-01,6141,2374,6734.0,33201.0,2245.0,14.0,3419.0,6602.0,1164.0,1125.0,30659.0,8315.0,1193.0,5867.0,6346.0,2158.0,45666.0,36428.0,5770.0,27442.0,1576.0,13.0,2955.0,5910.0,1029.0,1044.0,26645.0,7220.0,1116.0,5256.0,5677.0,1663.0,40356.0,32687.0
2019-03-01,6962,2752,7138.0,34635.0,2247.0,18.0,3585.0,6912.0,1191.0,1194.0,32236.0,8622.0,1260.0,6099.0,6660.0,2366.0,48223.0,38271.0,5982.0,28137.0,1610.0,16.0,3037.0,6011.0,1058.0,1066.0,27470.0,7328.0,1143.0,5370.0,5769.0,1828.0,41365.0,33448.0
2019-04-01,7339,2890,7156.0,35045.0,2316.0,19.0,3518.0,6885.0,1144.0,1210.0,32560.0,8572.0,1243.0,6170.0,6668.0,2317.0,48127.0,38160.0,5936.0,28246.0,1639.0,16.0,2987.0,5998.0,1014.0,1084.0,27577.0,7244.0,1108.0,5328.0,5774.0,1758.0,41147.0,33257.0
2019-05-01,6359,2656,7442.0,37322.0,2542.0,19.0,3739.0,7162.0,1264.0,1237.0,34666.0,8918.0,1298.0,6420.0,6858.0,2536.0,50846.0,39943.0,6080.0,29113.0,1780.0,16.0,3054.0,6092.0,1060.0,1081.0,28564.0,7320.0,1114.0,5363.0,5734.0,1936.0,41901.0,33777.0
2019-06-01,5096,2296,6836.0,33339.0,2284.0,19.0,3496.0,6595.0,1107.0,1100.0,31209.0,8149.0,1172.0,5820.0,6251.0,2300.0,45829.0,36630.0,5845.0,27602.0,1642.0,16.0,2972.0,5846.0,998.0,1023.0,26991.0,7042.0,1073.0,5212.0,5564.0,1814.0,40141.0,32605.0
2019-07-01,6787,2652,7310.0,36264.0,2456.0,20.0,3728.0,7047.0,1214.0,1208.0,33707.0,8745.0,1302.0,6303.0,6774.0,2582.0,50178.0,39529.0,5971.0,28637.0,1796.0,18.0,3049.0,6036.0,1033.0,1076.0,27869.0,7224.0,1134.0,5390.0,5722.0,1983.0,41767.0,33827.0
2019-08-01,6708,2854,7285.0,35612.0,2465.0,19.0,3695.0,6930.0,1168.0,1190.0,33384.0,8540.0,1229.0,6247.0,6661.0,2425.0,49474.0,39463.0,6030.0,28492.0,1743.0,13.0,3071.0,6000.0,1025.0,1046.0,27956.0,7160.0,1079.0,5363.0,5668.0,1835.0,41666.0,33822.0
2019-09-01,7463,3178,7011.0,34172.0,2253.0,17.0,3533.0,6613.0,1130.0,1134.0,31981.0,8127.0,1197.0,5969.0,6292.0,2620.0,47249.0,37688.0,5933.0,28057.0,1588.0,13.0,3022.0,5854.0,1009.0,1047.0,27501.0,6975.0,1093.0,5274.0,5563.0,2012.0,40971.0,33259.0
2019-10-01,8087,3365,7226.0,35575.0,2246.0,17.0,3685.0,6731.0,1163.0,1182.0,32671.0,8497.0,1236.0,6241.0,6604.0,2584.0,49481.0,39468.0,6001.0,27998.0,1606.0,15.0,3016.0,5818.0,1013.0,1044.0,27196.0,7010.0,1089.0,5317.0,5636.0,1979.0,41484.0,33770.0
2019-11-01,8162,3893,7125.0,34284.0,2059.0,18.0,3560.0,6676.0,1163.0,1152.0,32011.0,8431.0,1212.0,6096.0,6466.0,2660.0,48519.0,38465.0,5985.0,27721.0,1529.0,17.0,3005.0,5796.0,1012.0,1028.0,26977.0,7075.0,1071.0,5305.0,5605.0,2053.0,41449.0,33488.0
2019-12-01,7065,2938,7257.0,34097.0,1968.0,18.0,3611.0,6690.0,1151.0,1123.0,32224.0,8280.0,1257.0,6151.0,6494.0,2531.0,48755.0,38971.0,6015.0,27338.0,1497.0,15.0,3023.0,5809.0,978.0,1014.0,26851.0,6920.0,1077.0,5286.0,5544.0,1985.0,41103.0,33621.0
2020-01-01,8143,3881,7378.0,35781.0,2451.0,19.0,3725.0,6780.0,1199.0,1168.0,32891.0,8541.0,1234.0,6369.0,6704.0,2706.0,50714.0,40942.0,6081.0,28346.0,1752.0,17.0,3079.0,5784.0,1026.0,1021.0,27218.0,7062.0,1086.0,5392.0,5651.0,2126.0,42292.0,34816.0
2020-02-01,7295,3151,6836.0,32564.0,2094.0,15.0,3492.0,6287.0,1102.0,1047.0,30105.0,7777.0,1155.0,5834.0,6056.0,2559.0,46345.0,37324.0,5899.0,26919.0,1525.0,14.0,3000.0,5612.0,986.0,964.0,26105.0,6841.0,1047.0,5233.0,5390.0,2015.0,40608.0,33256.0
2020-03-01,2375,777,7505.0,35031.0,1970.0,20.0,3848.0,6960.0,1226.0,1202.0,33836.0,8313.0,1277.0,6302.0,6597.0,3367.0,50114.0,40918.0,6170.0,27622.0,1427.0,16.0,3185.0,5922.0,1044.0,1045.0,27918.0,6902.0,1089.0,5374.0,5535.0,2538.0,41680.0,34382.0
2020-04-01,489,8,7377.0,34702.0,1947.0,17.0,3863.0,6806.0,1168.0,1020.0,32822.0,8030.0,1215.0,6189.0,6544.0,4320.0,49171.0,39924.0,6173.0,27529.0,1442.0,15.0,3257.0,5808.0,1002.0,905.0,27417.0,6815.0,1057.0,5369.0,5532.0,3293.0,41570.0,34182.0
2020-05-01,1095,81,7171.0,34412.0,2256.0,15.0,3649.0,6721.0,1178.0,910.0,31772.0,7980.0,1193.0,6021.0,6200.0,2846.0,47946.0,38784.0,6146.0,27620.0,1572.0,12.0,3134.0,5837.0,1018.0,834.0,26903.0,6789.0,1075.0,5319.0,5418.0,2079.0,41345.0,33943.0
2020-06-01,2149,295,7380.0,34468.0,2314.0,17.0,3693.0,6555.0,1129.0,966.0,31631.0,7888.0,1167.0,5993.0,6237.0,2780.0,48134.0,38666.0,6254.0,27834.0,1592.0,15.0,3138.0,5764.0,1004.0,885.0,26895.0,6768.0,1043.0,5269.0,5436.0,1999.0,41539.0,33953.0
2020-07-01,2716,398,7613.0,36090.0,2374.0,16.0,3840.0,6771.0,1154.0,1012.0,32870.0,8220.0,1197.0,6230.0,6384.0,2936.0,50293.0,40368.0,6314.0,28216.0,1657.0,14.0,3191.0,5788.0,1017.0,900.0,27350.0,6802.0,1070.0,5324.0,5457.0,2135.0,42050.0,34485.0
2020-08-01,2612,475,7150.0,33296.0,2268.0,13.0,3654.0,6300.0,1114.0,990.0,30515.0,7675.0,1109.0,5913.0,6023.0,2917.0,47183.0,37967.0,6143.0,27062.0,1580.0,11.0,3134.0,5600.0,1002.0,893.0,26337.0,6632.0,1013.0,5233.0,5284.0,2161.0,40956.0,33537.0
2020-09-01,3860,739,7301.0,34733.0,2329.0,17.0,3743.0,6506.0,1139.0,959.0,31494.0,7856.0,1156.0,5996.0,6157.0,2896.0,48644.0,38831.0,6209.0,27867.0,1624.0,12.0,3200.0,5664.0,1022.0,872.0,26798.0,6662.0,1028.0,5245.0,5332.0,2154.0,41608.0,33938.0
2020-10-01,3717,782,7432.0,35251.0,2134.0,14.0,3748.0,6651.0,1142.0,1003.0,32254.0,7933.0,1128.0,6147.0,6246.0,2889.0,49391.0,39767.0,6282.0,28013.0,1460.0,13.0,3163.0,5743.0,1005.0,902.0,27190.0,6709.0,1017.0,5337.0,5362.0,2077.0,42074.0,34467.0
2020-11-01,3337,597,7301.0,34396.0,2017.0,16.0,3706.0,6397.0,1128.0,972.0,31629.0,7753.0,1116.0,5987.0,6023.0,2963.0,48381.0,39105.0,6251.0,27761.0,1436.0,12.0,3150.0,5679.0,1005.0,876.0,26951.0,6637.0,1015.0,5280.0,5290.0,2125.0,41889.0,34460.0
2020-12-01,3680,673,7816.0,36093.0,2058.0,15.0,3911.0,6815.0,1199.0,1057.0,33455.0,8053.0,1191.0,6343.0,6430.0,3220.0,51050.0,41257.0,6493.0,28244.0,1475.0,12.0,3223.0,5821.0,1014.0,917.0,27722.0,6670.0,1024.0,5376.0,5392.0,2264.0,42517.0,35099.0
2021-01-01,3285,673,7321.0,34155.0,2377.0,13.0,3643.0,6431.0,1171.0,996.0,31450.0,7675.0,1102.0,5894.0,5980.0,3412.0,49042.0,39782.0,6367.0,27690.0,1640.0,12.0,3150.0,5701.0,1014.0,897.0,27025.0,6577.0,991.0,5246.0,5271.0,2582.0,42500.0,35149.0
2021-02-01,3061,395,7088.0,32665.0,2074.0,11.0,3592.0,6057.0,1108.0,931.0,29707.0,7265.0,1024.0,5609.0,5637.0,2858.0,46347.0,37433.0,6312.0,27180.0,1443.0,10.0,3147.0,5537.0,1012.0,877.0,26214.0,6443.0,958.0,5126.0,5124.0,2050.0,41510.0,34083.0
2021-03-01,3467,659,7780.0,36500.0,2269.0,18.0,3913.0,6534.0,1153.0,1032.0,32676.0,7915.0,1066.0,6189.0,6208.0,3011.0,50542.0,40478.0,6452.0,28528.0,1548.0,14.0,3250.0,5628.0,1004.0,915.0,27311.0,6603.0,956.0,5276.0,5261.0,2131.0,42440.0,34850.0
2021-04-01,3884,753,7453.0,35284.0,2138.0,16.0,3770.0,6344.0,1147.0,994.0,31541.0,7667.0,742.0,5965.0,6053.0,3079.0,48746.0,39217.0,6373.0,27966.0,1496.0,11.0,3232.0,5590.0,994.0,910.0,26738.0,6548.0,674.0,5214.0,5218.0,2191.0,41799.0,34386.0
2021-05-01,3317,581,27.0,154.0,7.0,0.0,15.0,19.0,7.0,1.0,95.0,30.0,1.0,7.0,48.0,19.0,225.0,99.0,22.0,130.0,6.0,0.0,12.0,18.0,6.0,1.0,85.0,25.0,1.0,7.0,39.0,13.0,203.0,86.0
2021-06-01,4015,1164,14702.0,68512.0,4168.0,26.0,7338.0,12326.0,2260.0,1915.0,61154.0,14934.0,593.0,11584.0,11634.0,5315.0,94336.0,75933.0,7118.0,34670.0,2303.0,12.0,3892.0,6237.0,1147.0,1007.0,32477.0,7118.0,369.0,5623.0,5789.0,3325.0,46561.0,38579.0
2021-07-01,4810,1218,7581.0,36067.0,2245.0,11.0,3910.0,6472.0,1208.0,994.0,32156.0,7839.0,140.0,6002.0,6077.0,2828.0,49237.0,39667.0,6352.0,28121.0,1541.0,10.0,3195.0,5535.0,1025.0,873.0,26695.0,6514.0,127.0,5202.0,5169.0,1973.0,41287.0,33841.0
2021-08-01,5281,1086,7366.0,34529.0,2354.0,11.0,3769.0,6120.0,1144.0,967.0,31029.0,7415.0,105.0,5743.0,5809.0,2649.0,47698.0,38217.0,6307.0,27641.0,1584.0,10.0,3156.0,5401.0,1006.0,883.0,26522.0,6370.0,94.0,5105.0,5066.0,1864.0,40978.0,33646.0
2021-09-01,6947,1467,7534.0,34934.0,2301.0,14.0,3759.0,6254.0,1129.0,985.0,31735.0,7487.0,107.0,5792.0,5878.0,2790.0,48274.0,38796.0,6418.0,27883.0,1564.0,12.0,3153.0,5424.0,1001.0,878.0,26853.0,6401.0,87.0,5075.0,5094.0,1952.0,41338.0,33960.0
2021-10-01,6749,1896,7419.0,33701.0,2071.0,17.0,3641.0,6107.0,1127.0,959.0,30537.0,7272.0,78.0,5730.0,5611.0,2561.0,47318.0,37920.0,6348.0,27136.0,1447.0,15.0,3090.0,5380.0,1023.0,866.0,26256.0,6290.0,73.0,5085.0,4940.0,1816.0,40923.0,33456.0
2021-11-01,6453,1864,7575.0,34555.0,2074.0,18.0,3755.0,6204.0,1138.0,929.0,31333.0,7462.0,79.0,5746.0,5863.0,2671.0,48327.0,38707.0,6422.0,27303.0,1402.0,13.0,3121.0,5436.0,996.0,851.0,26567.0,6321.0,69.0,5015.0,5040.0,1909.0,41275.0,33744.0
2021-12-01,5673,1820,7732.0,35181.0,1871.0,15.0,3888.0,6313.0,1198.0,977.0,32213.0,7655.0,77.0,5933.0,5903.0,3037.0,49540.0,39654.0,6376.0,27438.0,1315.0,12.0,3194.0,5396.0,1017.0,859.0,26646.0,6326.0,68.0,5067.0,4986.0,2114.0,41149.0,33670.0
2022-01-01,6661,1975,7578.0,34178.0,2212.0,11.0,3717.0,6099.0,1183.0,937.0,31158.0,7435.0,67.0,5714.0,5713.0,2831.0,48360.0,39151.0,6389.0,27264.0,1524.0,10.0,3104.0,5347.0,1017.0,833.0,26239.0,6279.0,55.0,5016.0,4941.0,2041.0,41354.0,33914.0
2022-02-01,7781,2088,7143.0,32587.0,1928.0,15.0,3536.0,5745.0,1110.0,925.0,29632.0,6898.0,56.0,5430.0,5392.0,2784.0,45581.0,36712.0,6249.0,26703.0,1324.0,12.0,3098.0,5200.0,994.0,851.0,25771.0,6083.0,50.0,4947.0,4787.0,2067.0,40358.0,32999.0
2022-03-01,8954,2047,7636.0,35200.0,1945.0,14.0,3804.0,6191.0,1178.0,924.0,31656.0,7378.0,41.0,5788.0,5717.0,2959.0,48594.0,39017.0,6456.0,27567.0,1391.0,10.0,3165.0,5358.0,1022.0,837.0,26610.0,6173.0,37.0,5017.0,4852.0,2171.0,41024.0,33745.0
2022-04-01,7085,1632,7376.0,33721.0,1904.0,16.0,3700.0,5928.0,1161.0,916.0,30859.0,7155.0,52.0,5606.0,5589.0,2987.0,46897.0,37772.0,6328.0,26897.0,1320.0,13.0,3146.0,5209.0,1029.0,827.0,26276.0,6058.0,42.0,4955.0,4805.0,2141.0,40292.0,33147.0
2022-05-01,7026,1654,7518.0,34573.0,1921.0,14.0,3757.0,5974.0,1167.0,914.0,31298.0,7058.0,42.0,5683.0,5481.0,2927.0,46969.0,37735.0,6376.0,27515.0,1358.0,12.0,3172.0,5241.0,1030.0,817.0,26747.0,6052.0,40.0,4945.0,4736.0,2107.0,40341.0,33178.0
2022-06-01,8166,1795,7627.0,34050.0,1935.0,13.0,3772.0,5987.0,1165.0,897.0,30938.0,7110.0,43.0,5617.0,5449.0,2792.0,47062.0,37659.0,6465.0,26991.0,1358.0,11.0,3189.0,5217.0,1013.0,812.0,26319.0,6017.0,41.0,4916.0,4707.0,2069.0,40175.0,32939.0
2022-07-01,7812,1379,7459.0,33438.0,2094.0,16.0,3667.0,5975.0,1166.0,729.0,30650.0,7044.0,41.0,5563.0,5360.0,2871.0,46830.0,37014.0,6370.0,26615.0,1414.0,10.0,3134.0,5171.0,1034.0,674.0,26115.0,5977.0,39.0,4841.0,4651.0,2073.0,39997.0,32566.0
2022-08-01,8266,1337,7723.0,35088.0,2177.0,12.0,3764.0,5986.0,1229.0,405.0,31590.0,7110.0,47.0,5681.0,5409.0,3034.0,47814.0,38244.0,6421.0,27501.0,1469.0,10.0,3107.0,5161.0,1046.0,365.0,26628.0,5923.0,36.0,4899.0,4624.0,2252.0,40377.0,32937.0
2022-09-01,8944,1571,5713.0,36422.0,2101.0,18.0,4119.0,6110.0,1279.0,219.0,31688.0,6996.0,40.0,5586.0,5292.0,3014.0,47576.0,37929.0,4926.0,28957.0,1431.0,15.0,3443.0,5323.0,1136.0,202.0,26913.0,5929.0,34.0,4863.0,4567.0,2199.0,40595.0,33060.0
2022-10-01,9143,1536,5374.0,34694.0,1794.0,13.0,3943.0,5915.0,1261.0,114.0,30116.0,6641.0,39.0,5401.0,5059.0,2725.0,45976.0,36649.0,4651.0,27993.0,1271.0,11.0,3339.0,5222.0,1125.0,111.0,25961.0,5772.0,37.0,4801.0,4470.0,1980.0,39979.0,32564.0
2022-11-01,10447,2177,5666.0,36202.0,2045.0,16.0,4017.0,6062.0,1279.0,99.0,31664.0,6987.0,43.0,5589.0,5286.0,3040.0,48282.0,38712.0,4826.0,28634.0,1406.0,11.0,3311.0,5253.0,1111.0,86.0,26773.0,5942.0,38.0,4854.0,4553.0,2193.0,40901.0,33501.0
2022-12-01,9686,2156,4489.0,36480.0,1775.0,14.0,3990.0,6172.0,1336.0,63.0,31888.0,7000.0,48.0,5710.0,5312.0,3307.0,48641.0,39116.0,3814.0,28594.0,1250.0,13.0,3311.0,5249.0,1151.0,60.0,26373.0,5858.0,39.0,4846.0,4432.0,2351.0,40799.0,33319.0
2023-01-01,8799,2490,3304.0,37840.0,2154.0,18.0,3142.0,6123.0,1374.0,52.0,32161.0,6884.0,48.0,5631.0,5189.0,3333.0,48276.0,38925.0,2822.0,29947.0,1400.0,13.0,2646.0,5361.0,1176.0,49.0,26983.0,5831.0,42.0,4867.0,4356.0,2489.0,40867.0,33701.0
2023-02-01,7784,2256,2554.0,35172.0,1874.0,17.0,2737.0,5787.0,1243.0,33.0,30209.0,6448.0,46.0,5287.0,4778.0,2936.0,44913.0,35958.0,2280.0,28934.0,1312.0,15.0,2326.0,5185.0,1121.0,33.0,26073.0,5649.0,41.0,4736.0,4221.0,2157.0,39668.0,32361.0
2023-03-01,10015,2928,2148.0,39525.0,2000.0,14.0,3223.0,6303.0,1365.0,28.0,32479.0,6792.0,41.0,5684.0,5296.0,3427.0,48546.0,38816.0,1829.0,30941.0,1370.0,13.0,2679.0,5365.0,1170.0,25.0,26817.0,5674.0,38.0,4861.0,4437.0,2521.0,40816.0,33354.0
2023-04-01,7644,2475,3348.0,38376.0,1864.0,16.0,3365.0,6133.0,1277.0,26.0,28611.0,4196.0,51.0,5443.0,5492.0,3085.0,46795.0,37277.0,2818.0,30830.0,1266.0,13.0,2871.0,5387.0,1136.0,24.0,23841.0,3631.0,44.0,4834.0,4794.0,2249.0,40564.0,33014.0
2023-05-01,9095,2761,4115.0,40400.0,2175.0,19.0,3698.0,6292.0,1312.0,24.0,31219.0,2029.0,56.0,5834.0,6276.0,2995.0,50105.0,39197.0,3412.0,31048.0,1404.0,14.0,3009.0,5364.0,1119.0,23.0,25706.0,1712.0,47.0,4923.0,5192.0,2070.0,41732.0,33566.0
2023-06-01,6073,2239,4355.0,38776.0,2157.0,12.0,3407.0,6069.0,1304.0,13.0,30433.0,952.0,45.0,5740.0,6328.0,2933.0,48968.0,38586.0,3659.0,30170.0,1437.0,11.0,2859.0,5210.0,1135.0,11.0,25681.0,824.0,40.0,4844.0,5200.0,2015.0,41309.0,33342.0
2023-07-01,5619,2213,4532.0,38050.0,2089.0,14.0,3326.0,6053.0,1268.0,12.0,30287.0,616.0,50.0,5661.0,6195.0,2701.0,48866.0,38158.0,3876.0,29882.0,1334.0,12.0,2719.0,5231.0,1118.0,12.0,25828.0,516.0,40.0,4883.0,5088.0,1891.0,41661.0,33449.0
2023-08-01,6998,2722,4919.0,39858.0,2115.0,17.0,3042.0,6295.0,1336.0,15.0,31798.0,471.0,58.0,5880.0,6011.0,2708.0,51199.0,40162.0,4067.0,30462.0,1382.0,13.0,2435.0,5290.0,1136.0,12.0,26505.0,395.0,47.0,4897.0,4933.0,1938.0,42534.0,34204.0
2023-09-01,7261,2757,4874.0,38276.0,1981.0,22.0,3143.0,5788.0,1275.0,13.0,31051.0,301.0,46.0,5567.0,5588.0,2716.0,49269.0,39025.0,4129.0,30146.0,1306.0,16.0,2523.0,4887.0,1097.0,9.0,26496.0,271.0,40.0,4787.0,4507.0,1927.0,42098.0,33881.0
2023-10-01,7780,2758,5133.0,39622.0,1876.0,20.0,3404.0,3471.0,1292.0,5.0,31234.0,249.0,46.0,5582.0,5529.0,2822.0,49877.0,38950.0,4316.0,31097.0,1238.0,12.0,2837.0,2866.0,1117.0,5.0,26458.0,219.0,36.0,4724.0,4622.0,1883.0,42228.0,33751.0
2023-11-01,8730,2763,5280.0,39574.0,1912.0,19.0,3350.0,4498.0,1334.0,4.0,31626.0,199.0,40.0,5645.0,5757.0,2726.0,50697.0,39779.0,4404.0,30959.0,1249.0,14.0,2761.0,3514.0,1130.0,4.0,26537.0,174.0,35.0,4709.0,4761.0,1885.0,42643.0,34255.0
2023-12-01,6468,2251,5139.0,38103.0,1781.0,21.0,3248.0,4693.0,1307.0,8.0,31237.0,182.0,75.0,5580.0,5584.0,3072.0,50518.0,39599.0,4343.0,29837.0,1200.0,15.0,2692.0,3913.0,1109.0,7.0,26123.0,156.0,35.0,4676.0,4672.0,2089.0,42352.0,33928.0
2024-01-01,8567,3565,5350.0,39092.0,2178.0,18.0,3403.0,4723.0,1299.0,6.0,31753.0,695.0,48.0,5708.0,5696.0,3140.0,52131.0,40591.0,4409.0,30162.0,1414.0,13.0,2767.0,3964.0,1113.0,6.0,26290.0,558.0,35.0,4673.0,4698.0,2283.0,42728.0,34336.0
2024-02-01,7808,3183,5109.0,36926.0,1917.0,19.0,3220.0,4650.0,1235.0,8.0,29995.0,919.0,28.0,5378.0,5307.0,3023.0,48904.0,38498.0,4387.0,29453.0,1308.0,16.0,2682.0,3992.0,1090.0,7.0,25622.0,755.0,24.0,4660.0,4515.0,2156.0,41960.0,33664.0
2024-03-01,7249,2607,5272.0,36970.0,1850.0,18.0,3208.0,4822.0,1274.0,4.0,29984.0,1091.0,40.0,5350.0,5272.0,3031.0,48870.0,38384.0,4463.0,29208.0,1228.0,13.0,2697.0,4003.0,1104.0,3.0,25560.0,913.0,31.0,4615.0,4468.0,2158.0,41726.0,33461.0
2024-04-01,8072,2998,5324.0,37494.0,2027.0,22.0,3374.0,4738.0,1292.0,7.0,30606.0,1230.0,32.0,5248.0,5313.0,3023.0,49097.0,38345.0,4524.0,29450.0,1313.0,16.0,2828.0,3998.0,1118.0,5.0,26000.0,1020.0,29.0,4578.0,4441.0,2190.0,41669.0,33399.0
2024-05-01,7562,2995,5554.0,39143.0,1988.0,23.0,3552.0,4787.0,1348.0,4.0,32037.0,1280.0,37.0,5445.0,5373.0,3331.0,51135.0,39463.0,4597.0,29879.0,1289.0,16.0,2899.0,4030.0,1144.0,4.0,26663.0,1064.0,29.0,4616.0,4389.0,2294.0,41925.0,33569.0
2024-06-01,6991,2446,5305.0,35321.0,1814.0,20.0,3271.0,4402.0,1304.0,9.0,28896.0,1326.0,30.0,5062.0,4893.0,3208.0,46643.0,36320.0,4521.0,28237.0,1198.0,15.0,2777.0,3903.0,1126.0,7.0,24990.0,1131.0,27.0,4482.0,4242.0,2326.0,40418.0,32166.0
2024-07-01,7262,2493,5608.0,38159.0,2059.0,24.0,3485.0,4739.0,1351.0,5.0,31542.0,1450.0,34.0,5271.0,5259.0,3346.0,49639.0,38794.0,4647.0,29294.0,1319.0,16.0,2794.0,4063.0,1160.0,4.0,26242.0,1181.0,27.0,4496.0,4295.0,2302.0,41429.0,33184.0
2024-08-01,5781,2057,5692.0,37642.0,2048.0,22.0,3451.0,4625.0,1320.0,4.0,31240.0,1469.0,0.0,5398.0,5183.0,3171.0,49361.0,38562.0,4669.0,29045.0,1320.0,17.0,2813.0,3972.0,1123.0,4.0,26155.0,1222.0,0.0,4571.0,4277.0,2304.0,41254.0,32987.0
2024-09-01,6930,2705,5584.0,36699.0,1905.0,24.0,3377.0,4530.0,1323.0,3.0,30290.0,1434.0,0.0,5127.0,4928.0,2938.0,47749.0,37545.0,4700.0,28912.0,1240.0,20.0,2797.0,3973.0,1134.0,3.0,25860.0,1228.0,0.0,4467.0,4185.0,2087.0,40960.0,32739.0
2024-10-01,7512,3003,5690.0,37772.0,2014.0,27.0,3448.0,4757.0,1356.0,0.0,31104.0,1526.0,11.0,5146.0,5150.0,3237.0,49193.0,38682.0,4731.0,29014.0,1265.0,19.0,2807.0,4069.0,1130.0,0.0,26089.0,1276.0,2.0,4446.0,4257.0,2158.0,41328.0,33113.0
2024-11-01,7724,2837,5752.0,36646.0,1994.0,20.0,3375.0,4564.0,1311.0,1.0,30431.0,1536.0,0.0,5038.0,5027.0,3064.0,48765.0,38199.0,4808.0,28863.0,1238.0,16.0,2795.0,3969.0,1132.0,1.0,25714.0,1296.0,0.0,4402.0,4200.0,2091.0,41431.0,32980.0
2024-12-01,7121,2698,5864.0,37154.0,1809.0,24.0,3459.0,4772.0,1344.0,0.0,30906.0,1620.0,2.0,5283.0,5100.0,3348.0,50033.0,39215.0,4837.0,28489.0,1209.0,17.0,2810.0,4054.0,1149.0,0.0,25706.0,1340.0,2.0,4454.0,4209.0,2285.0,41481.0,32962.0
2025-01-01,9257,4715,5860.0,37611.0,2061.0,19.0,3531.0,4698.0,1374.0,0.0,30911.0,1644.0,0.0,5344.0,5146.0,3411.0,50427.0,39260.0,4848.0,28789.0,1354.0,15.0,2866.0,4024.0,1142.0,0.0,25662.0,1352.0,0.0,4455.0,4223.0,2438.0,41993.0,33055.0
2025-02-01,7489,3829,5464.0,34584.0,1785.0,20.0,3217.0,4246.0,1256.0,0.0,28081.0,1529.0,0.0,4823.0,4617.0,3007.0,45898.0,35901.0,4738.0,27574.0,1149.0,16.0,2740.0,3835.0,1101.0,0.0,24556.0,1332.0,0.0,4302.0,3999.0,2262.0,40477.0,31820.0
2025-03-01,6102,3022,5701.0,35556.0,1874.0,23.0,3401.0,4465.0,1329.0,0.0,29545.0,1575.0,0.0,5038.0,4728.0,3237.0,47495.0,36988.0,4810.0,28085.0,1204.0,17.0,2837.0,3944.0,1126.0,0.0,25127.0,1355.0,0.0,4297.0,4026.0,2363.0,40928.0,32116.0
2025-04-01,5834,2825,5711.0,36235.0,1838.0,16.0,3442.0,4511.0,1354.0,0.0,29856.0,1675.0,0.0,5016.0,4774.0,3207.0,47921.0,36985.0,4814.0,28279.0,1166.0,12.0,2865.0,3896.0,1144.0,0.0,25327.0,1387.0,0.0,4302.0,4021.0,2268.0,40776.0,32021.0
2025-05-01,5371,2828,5920.0,36767.0,1814.0,17.0,3625.0,4535.0,1326.0,0.0,30815.0,1667.0,0.0,5097.0,4773.0,3555.0,49025.0,37341.0,4881.0,28439.0,1201.0,13.0,2944.0,3902.0,1134.0,0.0,25794.0,1392.0,0.0,4322.0,3989.0,2522.0,40957.0,32129.0
2025-06-01,5273,2716,5650.0,35025.0,1781.0,23.0,3390.0,4333.0,1263.0,0.0,29460.0,1590.0,0.0,4803.0,4616.0,3119.0,46721.0,35658.0,4811.0,27871.0,1148.0,16.0,2818.0,3834.0,1097.0,0.0,25234.0,1388.0,0.0,4227.0,3912.0,2277.0,40323.0,31507.0
2025-07-01,5964,3307,5987.0,37586.0,2110.0,21.0,3575.0,4591.0,1363.0,1.0,30918.0,1765.0,0.0,4985.0,4859.0,3529.0,48883.0,37488.0,4963.0,28674.0,1284.0,14.0,2910.0,3926.0,1157.0,1.0,25840.0,1446.0,0.0,4268.0,3984.0,2512.0,41028.0,32057.0
2025-08-01,5680,2824,5880.0,35817.0,1849.0,22.0,3489.0,4440.0,1345.0,0.0,29645.0,1670.0,0.0,4846.0,4599.0,3244.0,47174.0,36251.0,4965.0,27984.0,1196.0,15.0,2878.0,3859.0,1158.0,0.0,25289.0,1427.0,0.0,4221.0,3888.0,2327.0,40443.0,31775.0
2025-09-01,6274,3493,5970.0,36263.0,1788.0,16.0,3656.0,4458.0,1346.0,0.0,30649.0,1726.0,0.0,4875.0,4650.0,3458.0,47612.0,36691.0,5041.0,28344.0,1124.0,13.0,2963.0,3891.0,1156.0,0.0,26014.0,1456.0,0.0,4239.0,3900.0,2442.0,40537.0,32013.0
2025-10-01,6404,3239,6724.0,33123.0,2824.0,26.0,4172.0,5215.0,1391.0,0.0,33354.0,1836.0,0.0,4918.0,4795.0,3442.0,48840.0,37346.0,5565.0,24701.0,1772.0,17.0,3397.0,4438.0,1197.0,0.0,27896.0,1509.0,0.0,4232.0,3936.0,2426.0,40967.0,32106.0
2025-11-01,6057,2979,6068.0,32703.0,2073.0,24.0,3687.0,4602.0,1314.0,0.0,30229.0,1693.0,2.0,4669.0,4422.0,3336.0,46052.0,35714.0,5217.0,25560.0,1310.0,18.0,3076.0,4067.0,1158.0,0.0,25917.0,1437.0,1.0,4194.0,3799.0,2413.0,40145.0,31687.0
2025-12-01,5943,2604,6485.0,35671.0,1859.0,26.0,3952.0,4953.0,1434.0,0.0,32420.0,1887.0,0.0,5087.0,4808.0,3910.0,50494.0,39128.0,5240.0,26742.0,1187.0,14.0,3111.0,4017.0,1177.0,0.0,26356.0,1508.0,0.0,4196.0,3854.0,2756.0,40848.0,32270.0
