YEAR_MONTH,Monthly_Trolley_Total,Monthly_Ward_Total,A01,A02,A03,A04,A05,A06,A07,A09,A10,A11,A12,A14,B01,B02,B03,B05,C01,C02,C03,C04,C05,C07,C08,C09,C10,D01,D02,D03,D05,D06,D07,D10,D11,G01,G02,G03,G04,H01,H02,H03,H04,J01,J02,J04,J05,L01,L02,L04,M01,M02,M03,M04,M05,M09,N01,N02,N03,N04,N05,N06,N07,P01,P02,P03,R01,R03,R05,R06,S01,S02,S03,V01,V03,V04,V06,V07 1,V07 2,V07 3,V07 4,V07 5,Monthly_Total_Pressure
2016-01-01,7537,1808,6774.0,322537.0,36323.0,2940.0,1543.0,70781.0,21874.0,1753.0,61839.0,30409.0,95692.0,14.0,274844.0,1391.0,76233.0,0.0,52262.0,17256.0,106767.0,2730.0,9926.0,163617.0,114634.0,246347.0,279862.0,33740.0,20561.0,50.0,6895.0,10555.0,45007.0,8470.0,2213.0,2034.0,2651.0,83439.0,95717.0,1141.0,71742.0,135595.0,392.0,266406.0,8944.0,645.0,4934.0,3158.0,8773.0,14759.0,111868.0,56386.0,4789.0,27970.0,42120.0,9357.0,18962.0,270470.0,115983.0,20987.0,306171.0,278581.0,32647.0,8982.0,836.0,1830.0,40471.0,286715.0,36925.0,45011.0,108056.0,1988.0,5613.0,56.0,1843.0,18586.0,46856.0,19127.0,9567.0,14874.0,2354.0,5266.0,9345
2016-02-01,6825,2060,7173.0,317940.0,35610.0,2969.0,1510.0,71801.0,21613.0,1712.0,60555.0,31533.0,94915.0,11.0,271538.0,1430.0,75430.0,0.0,51380.0,16951.0,104846.0,2729.0,9792.0,161456.0,113330.0,243117.0,276166.0,33788.0,21024.0,44.0,6864.0,10952.0,45838.0,8206.0,2222.0,2048.0,2650.0,82212.0,95150.0,1184.0,66556.0,135189.0,385.0,250431.0,8666.0,650.0,5790.0,3035.0,8798.0,14439.0,111760.0,56142.0,4829.0,27923.0,41369.0,9197.0,19547.0,270043.0,115845.0,21042.0,304709.0,277549.0,32086.0,8895.0,794.0,1742.0,40005.0,280967.0,32619.0,45102.0,110329.0,1926.0,5772.0,70.0,1849.0,18505.0,47634.0,19260.0,9422.0,14601.0,2429.0,5281.0,8885
2016-03-01,7018,2363,7477.0,331828.0,37015.0,3174.0,1611.0,72708.0,22847.0,1779.0,62724.0,34087.0,99110.0,15.0,282942.0,1441.0,79301.0,0.0,53684.0,17713.0,109989.0,2862.0,9983.0,169712.0,119642.0,255824.0,289946.0,34405.0,21434.0,61.0,7179.0,11153.0,46813.0,8116.0,2349.0,2024.0,2543.0,86326.0,98566.0,1204.0,66402.0,142116.0,410.0,242470.0,8782.0,630.0,5632.0,3179.0,9181.0,15262.0,113426.0,57761.0,5023.0,29519.0,42917.0,9684.0,20688.0,280497.0,121263.0,21956.0,316215.0,290035.0,32252.0,9359.0,691.0,1624.0,41857.0,287285.0,30479.0,48309.0,113705.0,1960.0,5760.0,78.0,1947.0,18569.0,48483.0,19855.0,9802.0,14333.0,2076.0,5257.0,9381
2016-04-01,6211,1934,7282.0,330883.0,36708.0,3161.0,1597.0,73287.0,23338.0,1808.0,61247.0,35336.0,98784.0,14.0,280327.0,1525.0,80121.0,1.0,53106.0,17404.0,109045.0,2796.0,10425.0,167869.0,118379.0,253288.0,287653.0,35674.0,22463.0,60.0,7494.0,11356.0,49845.0,8451.0,2596.0,2082.0,2778.0,86575.0,98685.0,1200.0,59975.0,142467.0,406.0,214249.0,8994.0,693.0,5206.0,3298.0,9102.0,15452.0,114239.0,59599.0,5016.0,29629.0,42625.0,9705.0,20978.0,278232.0,120503.0,21357.0,313693.0,289326.0,32351.0,9074.0,662.0,1509.0,42606.0,281949.0,25068.0,51636.0,114564.0,1865.0,5753.0,94.0,1957.0,17339.0,48494.0,20268.0,10055.0,13870.0,2241.0,5149.0,8145
2016-05-01,5117,1510,7102.0,325370.0,35843.0,3096.0,1555.0,72389.0,23325.0,1744.0,60345.0,36081.0,96459.0,20.0,276444.0,1442.0,80640.0,0.0,52827.0,17097.0,109553.0,2782.0,10123.0,165818.0,116595.0,249203.0,283414.0,35126.0,21493.0,61.0,7188.0,11344.0,47827.0,7727.0,2519.0,1843.0,2727.0,86556.0,97477.0,1130.0,57964.0,140768.0,413.0,203056.0,8390.0,672.0,4874.0,3388.0,8922.0,15031.0,111245.0,58942.0,5018.0,29546.0,41726.0,9667.0,21149.0,271677.0,119516.0,21585.0,308807.0,286772.0,31199.0,9273.0,685.0,1091.0,44207.0,274428.0,22257.0,59887.0,114706.0,1919.0,5583.0,84.0,1889.0,16259.0,48695.0,20399.0,9873.0,13280.0,2597.0,5001.0,6627
2016-06-01,4420,1466,7153.0,325796.0,35106.0,3059.0,1538.0,70003.0,23015.0,1831.0,59732.0,36676.0,96718.0,17.0,275888.0,1437.0,81692.0,0.0,52449.0,17266.0,109476.0,2768.0,10041.0,165734.0,116793.0,249863.0,283745.0,34478.0,20074.0,54.0,7014.0,11088.0,46106.0,7336.0,2468.0,2019.0,2629.0,86891.0,97728.0,1112.0,55788.0,141929.0,398.0,187853.0,8344.0,689.0,4923.0,3256.0,9142.0,15123.0,108263.0,57668.0,5023.0,29830.0,41346.0,9759.0,21404.0,268824.0,119540.0,21429.0,308401.0,285998.0,30719.0,9829.0,558.0,1032.0,47327.0,272129.0,19415.0,69688.0,117424.0,1931.0,5437.0,99.0,1906.0,15340.0,47839.0,20085.0,9809.0,12409.0,2017.0,4974.0,5886
2016-07-01,4853,1886,7145.0,328231.0,35040.0,3006.0,1564.0,70035.0,22291.0,1806.0,59199.0,37696.0,96711.0,21.0,277807.0,1426.0,82079.0,0.0,52637.0,17087.0,109817.0,2766.0,9607.0,167174.0,117968.0,252109.0,286209.0,34419.0,19347.0,60.0,6803.0,10890.0,43756.0,7221.0,2360.0,2043.0,2482.0,86270.0,98211.0,1118.0,53737.0,143535.0,375.0,184396.0,8640.0,662.0,4733.0,3229.0,9252.0,15269.0,106745.0,57996.0,5091.0,29984.0,41147.0,10041.0,21507.0,269155.0,119953.0,21533.0,308396.0,286903.0,30415.0,9786.0,710.0,1246.0,42748.0,269236.0,19437.0,61521.0,113963.0,1964.0,5444.0,84.0,1963.0,14960.0,48073.0,19983.0,9978.0,11716.0,2173.0,4717.0,6739
2016-08-01,4825,1311,7150.0,332266.0,35571.0,3054.0,1604.0,71981.0,22755.0,1879.0,59070.0,38896.0,97919.0,27.0,279740.0,1524.0,83580.0,0.0,52948.0,17252.0,110189.0,2851.0,9978.0,168188.0,118224.0,252910.0,288253.0,32180.0,19495.0,68.0,6928.0,11120.0,44793.0,8025.0,2416.0,2111.0,2614.0,87385.0,99972.0,1122.0,52427.0,144546.0,394.0,178487.0,8663.0,668.0,4817.0,3380.0,9160.0,15444.0,109300.0,59994.0,5195.0,30450.0,41104.0,10171.0,22213.0,272107.0,121845.0,21804.0,314974.0,291752.0,30888.0,9551.0,675.0,1581.0,40594.0,266893.0,18974.0,56975.0,113899.0,2056.0,5427.0,75.0,1971.0,14811.0,48713.0,20313.0,10283.0,11170.0,2363.0,4708.0,6136
2016-09-01,5732,1819,7106.0,330945.0,35677.0,3111.0,1599.0,71282.0,22352.0,1835.0,58116.0,39554.0,97169.0,24.0,276175.0,1488.0,83425.0,0.0,52204.0,17029.0,108196.0,2705.0,9956.0,166692.0,117630.0,251157.0,286602.0,32408.0,19670.0,53.0,6999.0,10915.0,45267.0,8593.0,2439.0,2260.0,2700.0,84730.0,99235.0,1165.0,58909.0,143672.0,399.0,205679.0,9074.0,719.0,4826.0,3395.0,9139.0,15311.0,110696.0,60055.0,5089.0,30245.0,40905.0,10010.0,22353.0,272745.0,120276.0,21305.0,310916.0,290964.0,31462.0,9114.0,732.0,1922.0,41517.0,279437.0,22498.0,53920.0,113623.0,1906.0,6184.0,59.0,1925.0,14828.0,48189.0,20644.0,10153.0,12081.0,2181.0,4901.0,7551
2016-10-01,5973,1757,6962.0,319707.0,33430.0,3003.0,1571.0,68746.0,21493.0,1795.0,55650.0,39716.0,94311.0,20.0,265926.0,1449.0,80702.0,0.0,50273.0,16474.0,104066.0,2688.0,9563.0,161111.0,113787.0,242312.0,276922.0,30491.0,19202.0,52.0,6905.0,10496.0,42859.0,8015.0,2333.0,2120.0,2628.0,80868.0,97072.0,1104.0,61323.0,139192.0,359.0,211459.0,8818.0,673.0,4664.0,3293.0,8823.0,14924.0,105042.0,57753.0,5035.0,28937.0,39521.0,9642.0,22167.0,264090.0,116750.0,20909.0,299566.0,281369.0,30314.0,8867.0,741.0,1846.0,40052.0,274556.0,25599.0,49101.0,109233.0,1787.0,5832.0,43.0,1894.0,14313.0,46365.0,19834.0,8799.0,12119.0,2243.0,4836.0,7730
2016-11-01,7181,2125,7183.0,335061.0,35401.0,3127.0,1653.0,72869.0,22866.0,1824.0,57769.0,43397.0,98672.0,27.0,277929.0,1499.0,84442.0,0.0,52437.0,16956.0,107756.0,2824.0,10285.0,168199.0,119482.0,252722.0,290151.0,31360.0,20866.0,44.0,7173.0,10898.0,45849.0,8131.0,2392.0,2025.0,2648.0,83836.0,101451.0,1148.0,67848.0,145315.0,377.0,229406.0,8844.0,668.0,5058.0,3500.0,9289.0,15673.0,109757.0,59894.0,5372.0,30465.0,40921.0,9987.0,23480.0,276256.0,122106.0,21628.0,314892.0,296925.0,30952.0,9347.0,661.0,2011.0,42130.0,293481.0,28937.0,49781.0,114444.0,1941.0,5989.0,48.0,1983.0,14749.0,48353.0,21131.0,10184.0,13186.0,2450.0,5130.0,9306
2016-12-01,6048,1842,6992.0,340808.0,36705.0,3174.0,1668.0,72109.0,23583.0,1896.0,57368.0,44717.0,99603.0,24.0,280948.0,1428.0,83616.0,0.0,52431.0,17342.0,108922.0,2833.0,9902.0,170686.0,121117.0,256343.0,294211.0,29146.0,19274.0,41.0,6809.0,10138.0,41746.0,7487.0,2194.0,1875.0,2116.0,83114.0,102466.0,1146.0,83174.0,147563.0,400.0,281476.0,9008.0,686.0,6329.0,3325.0,9468.0,15729.0,108197.0,57041.0,5354.0,30976.0,40352.0,10131.0,23628.0,283669.0,121892.0,21555.0,314618.0,297372.0,29805.0,9187.0,632.0,1654.0,43138.0,309929.0,37654.0,49638.0,114273.0,2546.0,5652.0,50.0,1972.0,14138.0,47174.0,21393.0,10200.0,13039.0,2006.0,5297.0,7890
2017-01-01,7238,3127,7008.0,332950.0,35142.0,3019.0,1629.0,70705.0,22921.0,1853.0,56058.0,45430.0,96937.0,28.0,274056.0,1518.0,83131.0,1.0,51317.0,16814.0,105953.0,2752.0,10016.0,166317.0,118200.0,248557.0,285773.0,30408.0,19734.0,50.0,7059.0,10208.0,43642.0,8020.0,2204.0,2009.0,2522.0,82066.0,100437.0,1102.0,73579.0,144104.0,378.0,250065.0,9251.0,660.0,7519.0,3448.0,9208.0,15376.0,107784.0,57810.0,5254.0,30269.0,39054.0,9721.0,23418.0,277884.0,119959.0,20837.0,312435.0,294038.0,32742.0,9085.0,683.0,1932.0,42341.0,289258.0,35739.0,48504.0,112929.0,2388.0,5784.0,70.0,1962.0,14025.0,47739.0,20851.0,10212.0,11908.0,2311.0,5389.0,10365
2017-02-01,6397,2623,6169.0,309239.0,31639.0,2938.0,1511.0,66286.0,20831.0,1741.0,51756.0,44357.0,90744.0,23.0,255636.0,1318.0,78706.0,0.0,47742.0,15657.0,97931.0,2676.0,9458.0,154888.0,110974.0,233037.0,267609.0,28161.0,18652.0,36.0,6507.0,9520.0,41628.0,7189.0,2116.0,1776.0,2532.0,75258.0,95071.0,1066.0,58077.0,135075.0,335.0,200087.0,7678.0,598.0,4927.0,3194.0,8620.0,14352.0,97036.0,54216.0,4886.0,28273.0,36739.0,9077.0,22480.0,251231.0,111666.0,19616.0,286025.0,273559.0,30267.0,8455.0,761.0,1533.0,39093.0,262835.0,24212.0,45339.0,108012.0,2021.0,5468.0,78.0,1778.0,13299.0,44199.0,19892.0,9565.0,11013.0,2364.0,4992.0,9020
2017-03-01,6710,2749,7056.0,343130.0,35387.0,3322.0,1690.0,73285.0,23270.0,1896.0,56401.0,51518.0,100477.0,27.0,281892.0,1578.0,87880.0,4.0,52612.0,17176.0,108422.0,2888.0,10503.0,170802.0,123017.0,258204.0,296813.0,32287.0,21130.0,50.0,7364.0,11274.0,47582.0,8339.0,2483.0,1901.0,2751.0,84003.0,104229.0,1191.0,63004.0,149954.0,340.0,220737.0,8664.0,739.0,5218.0,3537.0,9583.0,15795.0,110253.0,61086.0,5552.0,31646.0,40333.0,9931.0,25277.0,281428.0,123155.0,21668.0,317060.0,303231.0,33136.0,9376.0,704.0,1703.0,43985.0,289744.0,25242.0,52989.0,120387.0,2199.0,5361.0,83.0,2004.0,13852.0,48764.0,21779.0,10400.0,11657.0,2124.0,5274.0,9459
2017-04-01,5071,2128,6242.0,315983.0,31492.0,3017.0,1570.0,66428.0,21263.0,1820.0,51895.0,48441.0,93613.0,32.0,262169.0,1321.0,81100.0,1.0,48967.0,16041.0,101152.0,2689.0,9128.0,158975.0,114910.0,239586.0,275711.0,28132.0,18783.0,36.0,6693.0,9711.0,41943.0,7201.0,2271.0,1723.0,2295.0,76867.0,91989.0,1054.0,56359.0,139788.0,289.0,192673.0,7817.0,619.0,4631.0,3151.0,8947.0,14750.0,98984.0,56204.0,5029.0,29539.0,37080.0,9299.0,23578.0,257634.0,113483.0,20067.0,289654.0,278648.0,29400.0,8514.0,571.0,1384.0,41471.0,264761.0,21717.0,52362.0,110775.0,1952.0,4101.0,76.0,1885.0,12705.0,44517.0,20548.0,9369.0,10299.0,2180.0,4821.0,7199
2017-05-01,5859,2295,7083.0,337742.0,34622.0,3450.0,1683.0,72615.0,23455.0,1875.0,54609.0,53020.0,99695.0,25.0,277773.0,1478.0,87763.0,3.0,52045.0,16820.0,108705.0,2711.0,10292.0,168104.0,121450.0,253540.0,291558.0,32954.0,21031.0,62.0,7490.0,11357.0,47763.0,7619.0,2648.0,1958.0,2662.0,83017.0,98856.0,1133.0,60671.0,148581.0,347.0,203248.0,8633.0,662.0,5108.0,3608.0,9487.0,15715.0,107251.0,62301.0,5512.0,31505.0,39632.0,10181.0,26075.0,276514.0,121933.0,21703.0,310032.0,299652.0,31531.0,9329.0,624.0,1296.0,47683.0,284075.0,21858.0,64958.0,120981.0,2284.0,3899.0,85.0,1981.0,13649.0,49744.0,22520.0,10397.0,10934.0,2752.0,5270.0,8154
2017-06-01,5194,1930,6706.0,334751.0,33478.0,3339.0,1638.0,70412.0,23007.0,1887.0,53402.0,52992.0,99088.0,30.0,274860.0,1448.0,88753.0,4.0,51182.0,16823.0,107384.0,2669.0,9707.0,166503.0,120111.0,251709.0,289452.0,31514.0,19985.0,43.0,7127.0,11113.0,45058.0,7299.0,2540.0,1867.0,2569.0,82610.0,98535.0,1188.0,55863.0,148343.0,360.0,185649.0,8296.0,685.0,5103.0,3511.0,9386.0,15695.0,102442.0,60554.0,5492.0,31594.0,38743.0,10226.0,25792.0,270085.0,120182.0,21155.0,303516.0,294989.0,31150.0,9834.0,625.0,1071.0,49424.0,279493.0,19225.0,71204.0,122576.0,2078.0,4736.0,83.0,1967.0,13217.0,47962.0,22557.0,10640.0,10302.0,2374.0,5045.0,7124
2017-07-01,4540,1813,6643.0,327143.0,32948.0,3258.0,1634.0,69988.0,22631.0,1846.0,51846.0,52584.0,97082.0,27.0,269013.0,1470.0,87783.0,2.0,49901.0,16250.0,104843.0,2728.0,9386.0,162676.0,117518.0,245666.0,284326.0,31398.0,18835.0,54.0,6905.0,10723.0,42843.0,7122.0,2386.0,1720.0,2415.0,80600.0,97656.0,1160.0,51396.0,145052.0,309.0,169818.0,8048.0,647.0,4926.0,3317.0,9295.0,15622.0,99373.0,60067.0,5436.0,31034.0,37717.0,10173.0,25525.0,264753.0,117185.0,20887.0,296378.0,288611.0,30064.0,9543.0,573.0,1212.0,43435.0,267832.0,17472.0,62957.0,116578.0,2223.0,4369.0,78.0,1947.0,12887.0,47866.0,22514.0,10498.0,9712.0,2162.0,5042.0,6353
2017-08-01,5528,2253,6809.0,341941.0,34590.0,3435.0,1707.0,72735.0,23094.0,1964.0,53587.0,54949.0,100423.0,21.0,278389.0,1520.0,90682.0,3.0,51745.0,16807.0,108000.0,2855.0,9807.0,169181.0,122033.0,255249.0,295314.0,32634.0,19510.0,55.0,7245.0,11142.0,43588.0,7680.0,2484.0,1890.0,2510.0,84220.0,101701.0,1202.0,53408.0,150862.0,332.0,176132.0,8532.0,695.0,5021.0,3474.0,9603.0,16145.0,103420.0,63050.0,5754.0,32068.0,38686.0,10482.0,26499.0,275925.0,122501.0,21740.0,311425.0,301925.0,31186.0,9637.0,723.0,1449.0,42908.0,277182.0,18772.0,59778.0,119073.0,2348.0,4684.0,57.0,1964.0,13139.0,50041.0,23539.0,11072.0,9907.0,2644.0,5202.0,7781
2017-09-01,5603,2498,6740.0,332000.0,33412.0,3258.0,1687.0,70327.0,22088.0,1906.0,51546.0,53924.0,98095.0,28.0,269638.0,1596.0,88346.0,1.0,49687.0,16430.0,103667.0,2842.0,9744.0,163495.0,118625.0,247435.0,286355.0,31680.0,18979.0,36.0,7006.0,10725.0,42326.0,7858.0,2442.0,1789.0,2569.0,80809.0,99629.0,1158.0,61055.0,146118.0,334.0,204109.0,8541.0,697.0,4925.0,3353.0,9433.0,15569.0,102237.0,62638.0,5502.0,31063.0,37574.0,10356.0,17630.0,270035.0,117567.0,20786.0,298762.0,291845.0,30587.0,8985.0,679.0,1727.0,43091.0,283717.0,23616.0,55541.0,116225.0,2035.0,5462.0,54.0,1881.0,12812.0,47913.0,22753.0,10644.0,10675.0,2355.0,5090.0,8101
2017-10-01,6066,2837,6512.0,331159.0,32674.0,3332.0,1652.0,71455.0,21872.0,1876.0,50864.0,55614.0,98479.0,30.0,269468.0,1436.0,88352.0,2.0,49499.0,16201.0,103191.0,2781.0,9432.0,163339.0,119122.0,246428.0,286262.0,30877.0,18972.0,27.0,6986.0,10174.0,41163.0,7682.0,2324.0,1819.0,2377.0,79667.0,99730.0,1168.0,60962.0,145833.0,312.0,198729.0,8470.0,671.0,4849.0,3345.0,9386.0,15759.0,98457.0,61879.0,5562.0,31054.0,37595.0,10308.0,15120.0,269904.0,117762.0,20994.0,300607.0,294221.0,30907.0,8771.0,675.0,1626.0,41663.0,281429.0,24737.0,52519.0,115673.0,1863.0,5288.0,56.0,1896.0,12663.0,47702.0,22766.0,10706.0,10654.0,2218.0,5303.0,8903
2017-11-01,6212,2476,6739.0,342202.0,34153.0,3485.0,1737.0,73709.0,22295.0,2003.0,52323.0,59279.0,101056.0,32.0,275662.0,1533.0,91498.0,1.0,50525.0,16579.0,104795.0,2927.0,9933.0,166948.0,122217.0,252113.0,293434.0,33307.0,20363.0,42.0,7369.0,10784.0,44892.0,8298.0,2517.0,1873.0,2515.0,81560.0,102638.0,1193.0,66250.0,149355.0,327.0,214228.0,8611.0,694.0,5127.0,3419.0,9560.0,16179.0,103237.0,64391.0,5731.0,31984.0,38285.0,10404.0,12123.0,280408.0,120917.0,21440.0,308003.0,303222.0,31632.0,9278.0,704.0,1854.0,44376.0,295932.0,26398.0,53648.0,120309.0,2137.0,5831.0,50.0,1943.0,12976.0,49100.0,23710.0,11073.0,11412.0,2684.0,5563.0,8688
2017-12-01,5734,2100,6592.0,337152.0,33392.0,3279.0,1690.0,70057.0,22370.0,1945.0,51047.0,59314.0,99689.0,26.0,271547.0,1433.0,87907.0,1.0,49415.0,16490.0,103335.0,2767.0,9149.0,165247.0,121589.0,250633.0,291169.0,28975.0,18724.0,41.0,6751.0,9798.0,40092.0,7123.0,2243.0,1645.0,1947.0,78299.0,101777.0,1109.0,78947.0,148578.0,289.0,255461.0,8177.0,667.0,5835.0,3158.0,9573.0,15948.0,98115.0,60299.0,5638.0,31646.0,36924.0,10138.0,1545.0,276444.0,117220.0,20913.0,299181.0,294950.0,28946.0,8975.0,591.0,1344.0,43940.0,303493.0,33521.0,51815.0,115306.0,1989.0,5738.0,40.0,1906.0,12200.0,46437.0,22865.0,10514.0,11231.0,2107.0,5610.0,7834
2018-01-01,9104,3291,7190.0,346732.0,34949.0,3582.0,1773.0,73130.0,23497.0,2001.0,51541.0,62496.0,102201.0,26.0,277664.0,1546.0,90999.0,6.0,50408.0,16735.0,105863.0,2933.0,9970.0,168006.0,124192.0,254493.0,296698.0,31519.0,20170.0,41.0,7465.0,10338.0,43479.0,7932.0,2395.0,1847.0,2532.0,81000.0,104774.0,1176.0,84598.0,151532.0,306.0,277240.0,9268.0,699.0,13582.0,3376.0,9696.0,16384.0,107979.0,63395.0,5910.0,32284.0,37930.0,10397.0,1776.0,292761.0,121362.0,21451.0,314226.0,307014.0,33250.0,9184.0,773.0,1747.0,46952.0,308300.0,41110.0,53831.0,120667.0,2116.0,6591.0,62.0,1965.0,12619.0,49409.0,23912.0,11056.0,11040.0,2971.0,6079.0,12395
2018-02-01,8032,2982,6254.0,317829.0,31226.0,3049.0,1633.0,67217.0,21132.0,1890.0,47327.0,59924.0,94393.0,18.0,255356.0,1389.0,84380.0,3.0,46403.0,15516.0,96923.0,2781.0,9012.0,155858.0,115516.0,236651.0,275389.0,28971.0,19013.0,54.0,6694.0,9320.0,40434.0,7161.0,2273.0,1581.0,2383.0,74238.0,96951.0,1055.0,64435.0,140512.0,304.0,214289.0,7804.0,675.0,8394.0,3034.0,8971.0,15059.0,96637.0,59238.0,5436.0,30095.0,34755.0,9497.0,1728.0,262755.0,110946.0,19645.0,283084.0,281485.0,29937.0,8377.0,685.0,1439.0,42030.0,276506.0,28266.0,49247.0,112523.0,1679.0,5517.0,82.0,1783.0,11682.0,44512.0,21867.0,10070.0,9702.0,2873.0,5345.0,11014
2018-03-01,7611,3083,6389.0,338875.0,32835.0,3232.0,1757.0,71187.0,22248.0,2062.0,50642.0,65462.0,100864.0,30.0,271909.0,1344.0,90080.0,2.0,49455.0,16350.0,103405.0,2875.0,9354.0,165798.0,123700.0,251458.0,293404.0,30112.0,20393.0,52.0,7076.0,9743.0,42936.0,7243.0,2432.0,1504.0,2339.0,79020.0,103211.0,1135.0,63993.0,149990.0,322.0,206509.0,7902.0,713.0,6698.0,3215.0,9660.0,15958.0,100133.0,62534.0,5812.0,32165.0,36899.0,10159.0,2053.0,275892.0,118175.0,20781.0,300846.0,301476.0,30900.0,8985.0,554.0,1304.0,44002.0,288143.0,25316.0,52765.0,118985.0,1703.0,5461.0,90.0,1922.0,12179.0,46816.0,23898.0,10568.0,9778.0,2964.0,5550.0,10694
2018-04-01,6586,2847,6419.0,328745.0,32251.0,3253.0,1694.0,69946.0,21749.0,1947.0,48662.0,65525.0,97652.0,31.0,261502.0,1494.0,88570.0,3.0,47763.0,15771.0,100342.0,2759.0,9477.0,159327.0,118878.0,241602.0,282016.0,30175.0,19536.0,49.0,6995.0,9753.0,42459.0,7287.0,2463.0,1511.0,2364.0,76903.0,100367.0,1075.0,59129.0,144847.0,310.0,190872.0,7823.0,662.0,5662.0,3155.0,9232.0,15543.0,99066.0,62554.0,5662.0,31373.0,35751.0,9805.0,2110.0,267976.0,115177.0,20381.0,292927.0,293282.0,30002.0,8647.0,557.0,1259.0,43789.0,275092.0,22068.0,55319.0,117445.0,1828.0,5323.0,90.0,1831.0,11880.0,46868.0,23235.0,10550.0,9233.0,3192.0,5290.0,9433
2018-05-01,6393,2790,6907.0,346960.0,33416.0,3476.0,1805.0,73597.0,23200.0,2091.0,50783.0,70323.0,103401.0,36.0,275952.0,1619.0,94384.0,2.0,50448.0,16799.0,107025.0,2934.0,10155.0,167548.0,126109.0,256421.0,299014.0,33243.0,20704.0,52.0,7511.0,10693.0,46443.0,7488.0,2765.0,1596.0,2556.0,82071.0,105916.0,1143.0,61845.0,153941.0,312.0,201083.0,8740.0,695.0,5456.0,3438.0,9828.0,16384.0,105253.0,66821.0,5963.0,33485.0,37533.0,10514.0,2344.0,284791.0,120800.0,21493.0,307839.0,310619.0,32033.0,9415.0,607.0,1226.0,50386.0,291586.0,21543.0,69622.0,126216.0,1943.0,5800.0,110.0,1941.0,12123.0,49067.0,24805.0,11272.0,9782.0,3363.0,5604.0,9183
2018-06-01,4828,2086,6396.0,333020.0,31470.0,3294.0,1773.0,69240.0,22566.0,2036.0,49222.0,67186.0,99506.0,31.0,267312.0,1623.0,91504.0,3.0,48426.0,16232.0,104164.0,2790.0,8958.0,161906.0,121670.0,248350.0,288833.0,30929.0,19143.0,37.0,6887.0,10228.0,44096.0,6670.0,2478.0,1259.0,2402.0,78982.0,102854.0,1078.0,56174.0,149293.0,281.0,173701.0,7765.0,694.0,5197.0,3299.0,9527.0,15888.0,97378.0,63367.0,5749.0,32458.0,36141.0,10251.0,2123.0,269825.0,115724.0,20502.0,292462.0,296464.0,30044.0,9320.0,486.0,803.0,54052.0,280554.0,17617.0,80918.0,125974.0,1777.0,5377.0,89.0,1935.0,11394.0,47110.0,24138.0,10795.0,9156.0,3523.0,5374.0,6914
2018-07-01,4748,2341,6503.0,339155.0,33344.0,3531.0,1746.0,71727.0,23532.0,2164.0,49532.0,67740.0,101008.0,29.0,270504.0,1579.0,94602.0,3.0,48974.0,16396.0,106150.0,2900.0,9236.0,163610.0,123122.0,251732.0,292378.0,32070.0,19199.0,34.0,6934.0,10746.0,43522.0,6702.0,2554.0,1223.0,2369.0,80364.0,104219.0,1094.0,52794.0,152022.0,283.0,167273.0,7996.0,671.0,5230.0,3229.0,9688.0,16206.0,99332.0,64753.0,5922.0,33400.0,36214.0,10595.0,2366.0,274450.0,117791.0,21267.0,299633.0,302428.0,30717.0,9827.0,522.0,773.0,47783.0,277000.0,16451.0,71278.0,123727.0,1931.0,5264.0,79.0,1938.0,11375.0,49202.0,24909.0,11431.0,8597.0,3495.0,5438.0,7089
2018-08-01,5484,2452,6413.0,351383.0,34200.0,3558.0,1829.0,73524.0,23570.0,2213.0,50865.0,69595.0,103621.0,28.0,277430.0,1652.0,96775.0,3.0,50919.0,16855.0,107298.0,2971.0,9928.0,168294.0,127300.0,258987.0,301486.0,32797.0,18949.0,43.0,7030.0,10405.0,42380.0,7418.0,2495.0,1172.0,2289.0,81763.0,107958.0,1106.0,53657.0,157135.0,281.0,171525.0,8630.0,724.0,5180.0,3355.0,10055.0,16538.0,101376.0,67084.0,6025.0,34080.0,36772.0,10719.0,2486.0,283558.0,122132.0,21822.0,311343.0,313929.0,31608.0,9817.0,538.0,1259.0,45080.0,282233.0,17776.0,63068.0,124527.0,2071.0,5540.0,86.0,2006.0,11706.0,50552.0,25974.0,11841.0,8760.0,3681.0,5350.0,7936
2018-09-01,5415,2409,6020.0,327674.0,31220.0,3210.0,1754.0,68391.0,21699.0,2015.0,47105.0,65759.0,96516.0,36.0,257327.0,1510.0,89534.0,2.0,46962.0,15894.0,98688.0,2720.0,9232.0,156238.0,118091.0,240464.0,280621.0,30498.0,17739.0,45.0,6703.0,9580.0,39580.0,7378.0,2415.0,1068.0,2320.0,75210.0,101410.0,1078.0,58828.0,145574.0,244.0,190205.0,8540.0,659.0,4905.0,3242.0,9379.0,15372.0,95282.0,62230.0,5613.0,31553.0,34269.0,9708.0,2291.0,266479.0,112775.0,20113.0,286481.0,291192.0,29376.0,8790.0,655.0,1383.0,43855.0,276849.0,22295.0,56881.0,116134.0,1940.0,5583.0,72.0,1845.0,10805.0,45810.0,23284.0,10719.0,9196.0,3217.0,5009.0,7824
2018-10-01,6235,2820,6500.0,347028.0,33208.0,3328.0,1814.0,73805.0,22339.0,2177.0,49597.0,71385.0,102763.0,36.0,270591.0,1626.0,95318.0,2.0,49169.0,16719.0,103495.0,2913.0,9935.0,164548.0,124652.0,253470.0,295749.0,32725.0,19253.0,41.0,7033.0,10052.0,42799.0,7790.0,2642.0,1129.0,2432.0,79546.0,106763.0,1083.0,65200.0,153888.0,296.0,206217.0,9288.0,675.0,5444.0,3493.0,9784.0,16196.0,100781.0,65370.0,6068.0,33336.0,36786.0,10456.0,2396.0,284317.0,119644.0,21320.0,305976.0,311509.0,32163.0,9311.0,705.0,1422.0,45988.0,296220.0,25450.0,57692.0,123916.0,1977.0,6141.0,56.0,1922.0,11214.0,49940.0,25266.0,11394.0,10036.0,3545.0,5623.0,9055
2018-11-01,6637,3042,6442.0,349981.0,33396.0,3427.0,1857.0,75307.0,22687.0,2216.0,50473.0,73400.0,103449.0,29.0,270598.0,1672.0,95891.0,6.0,48867.0,16924.0,103447.0,2933.0,10055.0,165330.0,126151.0,255321.0,297597.0,32430.0,19458.0,37.0,7043.0,10146.0,42750.0,7811.0,2618.0,959.0,2456.0,79126.0,107923.0,1166.0,66319.0,155397.0,265.0,207114.0,8646.0,715.0,5609.0,3457.0,9869.0,16442.0,99998.0,64865.0,6025.0,33775.0,36608.0,10537.0,2485.0,285433.0,119496.0,21356.0,306091.0,315147.0,32203.0,9333.0,642.0,1505.0,46507.0,299962.0,26236.0,56611.0,124959.0,1875.0,6163.0,63.0,1915.0,11444.0,49592.0,26044.0,11588.0,10482.0,3777.0,5818.0,9679
2018-12-01,4855,2156,5935.0,343149.0,32482.0,3380.0,1844.0,71927.0,22340.0,2103.0,48682.0,72138.0,101160.0,32.0,264586.0,1521.0,91580.0,3.0,47446.0,16659.0,100590.0,2826.0,8964.0,161925.0,124510.0,249941.0,292699.0,28723.0,17814.0,40.0,6368.0,9051.0,37450.0,7044.0,2210.0,863.0,1863.0,76899.0,106150.0,1102.0,74430.0,152496.0,271.0,232198.0,8181.0,624.0,5656.0,3153.0,9724.0,15987.0,91933.0,59969.0,5828.0,33177.0,34786.0,10283.0,2505.0,277656.0,115372.0,20553.0,295507.0,304094.0,29502.0,9158.0,498.0,1132.0,44914.0,302145.0,29764.0,54958.0,119302.0,1745.0,5777.0,61.0,1899.0,10835.0,46513.0,25124.0,11322.0,10011.0,3071.0,5677.0,7011
2019-01-01,7369,2981,6578.0,355736.0,33866.0,3448.0,1902.0,75484.0,23458.0,2207.0,50149.0,76528.0,104487.0,32.0,271910.0,1549.0,95557.0,3.0,48932.0,16963.0,104252.0,2918.0,9922.0,166569.0,127847.0,257788.0,300192.0,32617.0,19515.0,45.0,7242.0,9928.0,43930.0,8072.0,2506.0,1022.0,2521.0,79793.0,109644.0,1149.0,79903.0,156518.0,252.0,250827.0,9625.0,666.0,8212.0,3384.0,10090.0,16472.0,102211.0,65974.0,6103.0,34028.0,36115.0,10493.0,2791.0,293597.0,120385.0,21541.0,311678.0,319565.0,34503.0,9329.0,678.0,1600.0,48062.0,310523.0,35787.0,58652.0,125803.0,2133.0,6864.0,72.0,1961.0,11162.0,49238.0,26167.0,11951.0,10123.0,3585.0,6194.0,10350
2019-02-01,6141,2374,5885.0,324289.0,30108.0,3174.0,1743.0,69182.0,20901.0,2092.0,46016.0,72178.0,95940.0,29.0,248036.0,1296.0,87978.0,4.0,45217.0,15724.0,95139.0,2687.0,9113.0,152618.0,118349.0,236831.0,275544.0,29718.0,18274.0,45.0,6575.0,9040.0,40181.0,7167.0,2377.0,856.0,2403.0,72203.0,101197.0,1035.0,64313.0,144286.0,231.0,201172.0,7917.0,639.0,7001.0,3031.0,9174.0,15191.0,91661.0,61124.0,5568.0,31423.0,33147.0,9615.0,2480.0,265473.0,110150.0,19736.0,282330.0,292407.0,31167.0,8491.0,568.0,1389.0,43933.0,277107.0,25805.0,53345.0,115772.0,1828.0,5906.0,79.0,1796.0,10441.0,45201.0,24989.0,10819.0,8943.0,3380.0,5389.0,8515
2019-03-01,6962,2752,6249.0,343001.0,31941.0,3294.0,1854.0,72898.0,22065.0,2131.0,48151.0,77732.0,100922.0,34.0,261298.0,1380.0,92849.0,4.0,47141.0,16479.0,100024.0,2779.0,9405.0,160964.0,125329.0,250928.0,291611.0,31372.0,19394.0,46.0,7072.0,9522.0,42793.0,7606.0,2584.0,925.0,2530.0,76888.0,106495.0,1098.0,62042.0,152729.0,243.0,196846.0,8188.0,642.0,6027.0,3281.0,9762.0,16087.0,96777.0,64162.0,5982.0,33170.0,34752.0,10003.0,2624.0,278608.0,115120.0,20637.0,295753.0,309092.0,32427.0,9081.0,631.0,1416.0,46482.0,289184.0,23429.0,58028.0,124455.0,1990.0,5777.0,96.0,1920.0,10757.0,46791.0,25771.0,11254.0,9165.0,3474.0,5607.0,9714
2019-04-01,7339,2890,6294.0,343796.0,32186.0,3339.0,1869.0,72551.0,22514.0,2192.0,48451.0,79113.0,101205.0,31.0,261121.0,1340.0,93461.0,2.0,47421.0,16543.0,101011.0,2778.0,9516.0,161316.0,125599.0,251787.0,292435.0,31239.0,19370.0,27.0,7042.0,10707.0,43198.0,7180.0,2610.0,1058.0,2393.0,77004.0,107012.0,1078.0,64909.0,153670.0,286.0,202163.0,8203.0,653.0,5700.0,3333.0,9781.0,16063.0,96896.0,65256.0,5959.0,33647.0,34850.0,10161.0,2694.0,280838.0,115774.0,20793.0,296765.0,309906.0,31833.0,9027.0,520.0,1245.0,48408.0,289630.0,24228.0,63359.0,124913.0,2173.0,5110.0,92.0,1958.0,10651.0,47146.0,25909.0,11830.0,9014.0,3522.0,5654.0,10229
2019-05-01,6359,2656,6717.0,362170.0,33933.0,3484.0,1951.0,76156.0,24104.0,2224.0,50346.0,84292.0,106358.0,37.0,272462.0,1483.0,98865.0,3.0,49319.0,17490.0,106705.0,2888.0,10260.0,169059.0,132052.0,264665.0,306060.0,33791.0,20845.0,48.0,7660.0,11702.0,46567.0,7650.0,2942.0,1247.0,2566.0,82395.0,111512.0,1146.0,62976.0,161866.0,320.0,194633.0,8841.0,747.0,5808.0,3554.0,10192.0,17008.0,102819.0,69380.0,6354.0,35084.0,36577.0,10670.0,2924.0,294890.0,121726.0,21845.0,312919.0,327461.0,33628.0,9606.0,607.0,1042.0,53194.0,301823.0,22520.0,73585.0,132848.0,2638.0,4106.0,96.0,2034.0,10919.0,49339.0,27081.0,12172.0,8956.0,3607.0,5773.0,9015
2019-06-01,5096,2296,5874.0,332433.0,30793.0,3214.0,1804.0,69577.0,21826.0,2111.0,46785.0,78318.0,98302.0,37.0,251940.0,1262.0,91282.0,2.0,45553.0,16044.0,98147.0,2724.0,8818.0,155930.0,121463.0,243693.0,282635.0,29747.0,18484.0,32.0,6856.0,9512.0,40133.0,6479.0,2540.0,1076.0,2292.0,75595.0,104237.0,1076.0,55837.0,149645.0,276.0,170340.0,7704.0,632.0,5188.0,3162.0,9529.0,15427.0,90621.0,62578.0,5919.0,32475.0,33343.0,9968.0,2652.0,267440.0,111311.0,20167.0,283907.0,299481.0,30232.0,9258.0,520.0,900.0,50519.0,275680.0,19328.0,72123.0,123132.0,2087.0,3922.0,86.0,1861.0,10298.0,46788.0,25329.0,11629.0,8103.0,3495.0,5195.0,7392
2019-07-01,6787,2652,6607.0,356614.0,33227.0,3627.0,1923.0,74559.0,23943.0,2268.0,49938.0,83991.0,105325.0,32.0,269085.0,1363.0,98904.0,1.0,48569.0,17088.0,106206.0,2867.0,8925.0,166764.0,129909.0,261427.0,303247.0,33441.0,19231.0,43.0,7338.0,10915.0,45604.0,7067.0,2805.0,1137.0,2381.0,81384.0,110948.0,1149.0,56690.0,160761.0,299.0,172524.0,8417.0,672.0,5645.0,3419.0,10130.0,16659.0,98762.0,68572.0,6307.0,35153.0,35362.0,10731.0,2882.0,287368.0,120116.0,21425.0,307565.0,321363.0,32900.0,10194.0,539.0,940.0,53097.0,291554.0,18535.0,80462.0,132972.0,2212.0,4986.0,86.0,1987.0,10627.0,38888.0,27919.0,12545.0,8253.0,4061.0,5640.0,9439
2019-08-01,6708,2854,6253.0,353497.0,32592.0,3560.0,1900.0,73108.0,23099.0,2305.0,49384.0,83301.0,104452.0,36.0,266765.0,1404.0,97005.0,5.0,48287.0,16869.0,103853.0,2839.0,8893.0,165644.0,128788.0,259393.0,301081.0,33043.0,18186.0,43.0,6995.0,10020.0,42709.0,6823.0,2629.0,987.0,2352.0,80305.0,110335.0,1159.0,53286.0,159819.0,294.0,163382.0,8375.0,625.0,5433.0,3418.0,10161.0,16528.0,95913.0,67137.0,6286.0,34739.0,34800.0,10740.0,2891.0,281923.0,117589.0,21131.0,302346.0,318958.0,32067.0,9462.0,543.0,1211.0,47427.0,284281.0,17755.0,69908.0,128415.0,2160.0,5010.0,82.0,1979.0,10412.0,40358.0,27219.0,11968.0,7801.0,3618.0,5309.0,9562
2019-09-01,7463,3178,6338.0,340487.0,31284.0,3257.0,1836.0,71599.0,22421.0,2221.0,47561.0,81416.0,100509.0,37.0,255019.0,1362.0,93659.0,2.0,46319.0,16102.0,99215.0,2722.0,9364.0,157991.0,123341.0,247892.0,288237.0,32851.0,18119.0,29.0,7076.0,9958.0,41795.0,7264.0,2596.0,1023.0,2414.0,76585.0,106991.0,1092.0,61720.0,148725.0,292.0,192358.0,8754.0,654.0,5407.0,3357.0,9653.0,15776.0,95195.0,65743.0,6066.0,33378.0,33404.0,10236.0,2779.0,274860.0,113240.0,20392.0,290481.0,307574.0,32147.0,8981.0,578.0,1320.0,47380.0,286188.0,22157.0,65349.0,123274.0,2121.0,5261.0,62.0,1864.0,10197.0,39936.0,26534.0,11833.0,8626.0,3427.0,5295.0,10641
2019-10-01,8087,3365,6443.0,351351.0,32459.0,3411.0,1976.0,75481.0,22862.0,2334.0,49781.0,86955.0,106290.0,41.0,266692.0,1329.0,97241.0,2.0,47884.0,17007.0,103360.0,2920.0,9559.0,165110.0,129993.0,260783.0,302263.0,33925.0,19019.0,33.0,7256.0,10276.0,43171.0,7482.0,2828.0,928.0,2358.0,78863.0,111555.0,1152.0,67801.0,157128.0,279.0,204623.0,8873.0,709.0,5807.0,3465.0,10083.0,16675.0,97110.0,68142.0,6461.0,34732.0,35441.0,10782.0,2917.0,288169.0,119019.0,21362.0,303117.0,324381.0,34526.0,9164.0,600.0,1523.0,48987.0,301933.0,25909.0,64645.0,130519.0,2182.0,5391.0,61.0,1969.0,10416.0,42232.0,28170.0,12577.0,9315.0,3537.0,5913.0,11452
2019-11-01,8162,3893,6214.0,346141.0,32051.0,3500.0,1923.0,75428.0,22638.0,2300.0,49587.0,87833.0,104867.0,39.0,261769.0,1311.0,96236.0,3.0,46757.0,16695.0,101837.0,2739.0,9417.0,162691.0,128474.0,256944.0,298767.0,32212.0,19246.0,32.0,7244.0,9938.0,42182.0,7447.0,2643.0,837.0,2301.0,76359.0,110587.0,1122.0,69889.0,156942.0,267.0,212274.0,8226.0,683.0,6230.0,3424.0,9734.0,16343.0,95467.0,66395.0,6272.0,34253.0,35252.0,10520.0,2921.0,284679.0,116364.0,20980.0,296369.0,319456.0,33304.0,9154.0,547.0,1439.0,49093.0,302905.0,27759.0,62115.0,128410.0,2242.0,5186.0,54.0,1923.0,10318.0,42048.0,27358.0,12402.0,9587.0,3740.0,5795.0,12055
2019-12-01,7065,2938,6364.0,349653.0,32277.0,3630.0,1987.0,74668.0,23478.0,2325.0,49531.0,89139.0,106182.0,42.0,264433.0,1408.0,95722.0,9.0,47231.0,16909.0,101895.0,2859.0,8885.0,164481.0,129847.0,258720.0,302240.0,30074.0,18160.0,35.0,6692.0,9013.0,38385.0,6927.0,2446.0,832.0,1906.0,76565.0,111646.0,1123.0,87158.0,158858.0,251.0,264506.0,8386.0,691.0,11046.0,3307.0,10002.0,16434.0,93285.0,64095.0,6442.0,34568.0,34177.0,10792.0,2869.0,291444.0,117042.0,21049.0,297274.0,321257.0,31613.0,9272.0,480.0,1202.0,49243.0,317136.0,35501.0,62815.0,127269.0,2333.0,5260.0,61.0,1888.0,10165.0,41157.0,27726.0,12381.0,9626.0,2780.0,5911.0,10003
2020-01-01,8143,3881,6661.0,358338.0,32653.0,3651.0,2015.0,76932.0,23598.0,2425.0,50547.0,93674.0,108262.0,48.0,268217.0,1654.0,99178.0,4.0,48144.0,17090.0,103908.0,2909.0,9912.0,167279.0,132618.0,263981.0,307434.0,33324.0,19791.0,34.0,7492.0,9722.0,43493.0,7715.0,2670.0,922.0,2556.0,79502.0,114286.0,1166.0,77845.0,162219.0,253.0,231435.0,9191.0,717.0,9916.0,3581.0,10240.0,16766.0,99859.0,67930.0,6716.0,35397.0,35398.0,10785.0,3015.0,298456.0,119960.0,21501.0,308585.0,333074.0,35964.0,9414.0,683.0,1629.0,51555.0,312837.0,32350.0,64822.0,130317.0,2581.0,5732.0,93.0,1994.0,10614.0,43487.0,28286.0,13048.0,9437.0,4229.0,6177.0,12024
2020-02-01,7295,3151,5964.0,332302.0,29843.0,3410.0,1880.0,71521.0,21723.0,2218.0,47493.0,89622.0,101409.0,35.0,250508.0,1561.0,93426.0,3.0,44727.0,15961.0,96907.0,2684.0,8756.0,156332.0,124406.0,247456.0,287865.0,30802.0,18751.0,33.0,6894.0,9075.0,41060.0,7007.0,2542.0,789.0,2355.0,72999.0,107401.0,1083.0,61768.0,152073.0,241.0,191009.0,7740.0,642.0,6296.0,3354.0,9597.0,15704.0,89883.0,62693.0,6275.0,31442.0,32682.0,9970.0,2718.0,273404.0,111353.0,20038.0,282944.0,309116.0,32854.0,8553.0,591.0,1327.0,47833.0,285866.0,24092.0,59692.0,122822.0,2316.0,5044.0,105.0,1823.0,9838.0,39696.0,26449.0,11600.0,8412.0,3542.0,5596.0,10446
2020-03-01,2375,777,6229.0,367801.0,31957.0,3639.0,2167.0,78795.0,23678.0,2552.0,52820.0,102488.0,114934.0,51.0,277383.0,1632.0,102091.0,0.0,49145.0,17634.0,107003.0,2976.0,9039.0,172715.0,139013.0,276062.0,322369.0,30231.0,20280.0,33.0,7445.0,8508.0,41600.0,6886.0,2646.0,762.0,1961.0,80521.0,116037.0,1175.0,66014.0,172187.0,276.0,202672.0,7766.0,739.0,6226.0,3475.0,10852.0,17622.0,89220.0,65171.0,6590.0,36161.0,35224.0,10854.0,2928.0,314657.0,121802.0,21840.0,308578.0,342181.0,34468.0,9546.0,428.0,1136.0,54567.0,371380.0,25476.0,67651.0,132895.0,2011.0,4043.0,128.0,2011.0,10750.0,43091.0,31163.0,13465.0,9230.0,2632.0,6745.0,3152
2020-04-01,489,8,5916.0,348560.0,31151.0,3314.0,2003.0,75796.0,21660.0,2407.0,50228.0,99954.0,109944.0,40.0,262225.0,1485.0,95940.0,2.0,46854.0,16729.0,102756.0,2786.0,8852.0,163658.0,131184.0,259232.0,305609.0,28575.0,19305.0,15.0,7074.0,7677.0,39003.0,6080.0,2324.0,682.0,1318.0,72828.0,110597.0,1066.0,49351.0,160911.0,296.0,151574.0,6999.0,653.0,5312.0,3020.0,10295.0,16365.0,83897.0,62885.0,6425.0,34862.0,33368.0,10443.0,2956.0,294262.0,117222.0,20914.0,303840.0,325625.0,31524.0,9134.0,349.0,994.0,50741.0,314918.0,18619.0,70717.0,123646.0,1893.0,3261.0,105.0,1995.0,10555.0,42203.0,29184.0,13152.0,8110.0,2892.0,5964.0,497
2020-05-01,1095,81,5869.0,342674.0,30388.0,3137.0,1991.0,75290.0,21104.0,2326.0,48851.0,99757.0,106979.0,41.0,255807.0,1519.0,94474.0,1.0,45481.0,16573.0,100580.0,2761.0,9696.0,160360.0,128551.0,254305.0,298691.0,30210.0,19687.0,31.0,7123.0,8380.0,40459.0,6022.0,2387.0,788.0,1504.0,73613.0,108439.0,1020.0,45571.0,158388.0,258.0,135399.0,7080.0,622.0,5289.0,3015.0,10064.0,15707.0,88786.0,65776.0,6313.0,34393.0,34430.0,10254.0,2841.0,285228.0,115856.0,20375.0,295600.0,320754.0,31933.0,8798.0,489.0,944.0,50827.0,295063.0,14910.0,73408.0,121250.0,1933.0,3306.0,119.0,1882.0,10550.0,41630.0,28224.0,12658.0,7432.0,2829.0,5425.0,1176
2020-06-01,2149,295,5769.0,346346.0,30405.0,3287.0,2023.0,76519.0,21557.0,2323.0,49500.0,101559.0,107317.0,46.0,256535.0,1598.0,97870.0,2.0,45011.0,16595.0,100750.0,2723.0,9979.0,160919.0,129258.0,255585.0,300104.0,31684.0,19856.0,31.0,7224.0,8773.0,41591.0,6167.0,2591.0,807.0,2045.0,76541.0,109623.0,1020.0,45746.0,159504.0,221.0,130515.0,7184.0,595.0,5531.0,3127.0,10148.0,16236.0,91103.0,67385.0,6462.0,34611.0,34938.0,10303.0,2954.0,286922.0,116092.0,20556.0,296229.0,324285.0,32343.0,8694.0,470.0,1009.0,53596.0,289811.0,13987.0,80200.0,124949.0,1986.0,3754.0,112.0,1964.0,10754.0,43616.0,28587.0,12759.0,7346.0,3308.0,5439.0,2444
2020-07-01,2716,398,6024.0,364457.0,32274.0,3399.0,2077.0,80048.0,22586.0,2506.0,52036.0,107021.0,111969.0,49.0,268360.0,1721.0,103635.0,3.0,46918.0,17524.0,105546.0,2849.0,10356.0,168694.0,135783.0,269027.0,315450.0,33965.0,20158.0,30.0,7602.0,9231.0,43754.0,6955.0,2857.0,1014.0,2361.0,82078.0,114685.0,1067.0,47014.0,167432.0,238.0,139785.0,7805.0,632.0,5748.0,3400.0,10610.0,16964.0,97355.0,71860.0,6681.0,36420.0,35781.0,10837.0,3069.0,301731.0,121065.0,21423.0,308652.0,341828.0,34342.0,9293.0,508.0,1137.0,52906.0,301382.0,14550.0,78594.0,130821.0,2362.0,3947.0,122.0,2061.0,11082.0,44692.0,29956.0,13212.0,7877.0,3789.0,5865.0,3114
2020-08-01,2612,475,5531.0,345700.0,30277.0,3220.0,1970.0,76139.0,21644.0,2339.0,49836.0,103376.0,106646.0,59.0,255297.0,1737.0,99963.0,1.0,45765.0,16443.0,98375.0,2730.0,8829.0,160065.0,128663.0,254817.0,300213.0,31465.0,18936.0,24.0,7159.0,8550.0,40198.0,6726.0,2608.0,965.0,2251.0,78570.0,109854.0,1009.0,45613.0,159923.0,212.0,136767.0,7187.0,578.0,5290.0,3176.0,10066.0,16220.0,89703.0,66995.0,6412.0,34591.0,33510.0,10199.0,2814.0,284845.0,115848.0,20347.0,290953.0,326984.0,31589.0,8729.0,502.0,1074.0,48368.0,288286.0,14023.0,72559.0,123712.0,2294.0,3692.0,106.0,1925.0,10515.0,43211.0,29088.0,12367.0,7504.0,3386.0,5538.0,3087
2020-09-01,3860,739,5946.0,354058.0,31756.0,3415.0,2064.0,78357.0,22298.0,2400.0,51200.0,107394.0,107713.0,52.0,258997.0,1822.0,103416.0,1.0,46687.0,16924.0,100814.0,2762.0,8741.0,163143.0,131538.0,260404.0,306477.0,33727.0,19617.0,41.0,7482.0,9190.0,43252.0,7611.0,2854.0,1198.0,2583.0,81518.0,112437.0,1100.0,54430.0,163301.0,226.0,168685.0,7994.0,613.0,5573.0,3389.0,10121.0,16552.0,96020.0,70557.0,6698.0,35315.0,33580.0,10415.0,2886.0,296545.0,118081.0,20976.0,299317.0,335810.0,33057.0,9233.0,551.0,1266.0,51471.0,306549.0,17113.0,73220.0,127508.0,2454.0,4427.0,103.0,1949.0,10837.0,43857.0,29445.0,12923.0,8640.0,3485.0,5546.0,4599
2020-10-01,3717,782,5936.0,362722.0,32056.0,3434.0,2054.0,80021.0,22369.0,2467.0,52374.0,112749.0,111915.0,50.0,265572.0,1875.0,105232.0,5.0,46878.0,17222.0,103094.0,2773.0,7259.0,166496.0,135241.0,267036.0,315524.0,33073.0,19943.0,25.0,7734.0,8637.0,42834.0,7615.0,2847.0,1144.0,2440.0,82605.0,115008.0,1103.0,51779.0,167097.0,240.0,155471.0,7758.0,636.0,5799.0,3502.0,10472.0,16915.0,95875.0,72435.0,6816.0,36070.0,34165.0,10637.0,2940.0,302925.0,120357.0,21091.0,303871.0,344087.0,33830.0,9435.0,539.0,1277.0,51764.0,311508.0,17124.0,70801.0,130552.0,2241.0,4180.0,86.0,1971.0,10807.0,44582.0,30034.0,13022.0,8140.0,3159.0,5893.0,4499
2020-11-01,3337,597,5723.0,357738.0,31749.0,3480.0,2073.0,81534.0,21917.0,2437.0,52113.0,113905.0,109914.0,48.0,258999.0,1917.0,104441.0,1.0,45811.0,16927.0,101575.0,2838.0,7796.0,163159.0,132427.0,260474.0,308278.0,32754.0,20434.0,23.0,7620.0,8509.0,42870.0,7770.0,2741.0,1245.0,2482.0,80706.0,113578.0,1058.0,48602.0,163176.0,240.0,143271.0,7591.0,628.0,5671.0,3394.0,10107.0,16406.0,94756.0,71906.0,6972.0,35340.0,34859.0,10323.0,2987.0,295868.0,118619.0,21176.0,299228.0,339857.0,32961.0,9483.0,700.0,1427.0,49712.0,298595.0,15489.0,68339.0,128960.0,2369.0,4172.0,103.0,1964.0,10894.0,45068.0,30235.0,13202.0,7943.0,3996.0,5564.0,3934
2020-12-01,3680,673,5886.0,378909.0,33262.0,3444.0,2213.0,83473.0,23152.0,2562.0,54775.0,121634.0,116161.0,52.0,273383.0,1942.0,108335.0,4.0,48160.0,18165.0,106037.0,2935.0,8570.0,172800.0,141298.0,277141.0,327980.0,32163.0,20768.0,35.0,7543.0,8595.0,42624.0,7586.0,2698.0,1134.0,2048.0,84730.0,119459.0,1130.0,54954.0,173348.0,256.0,159766.0,7903.0,642.0,5975.0,3442.0,10638.0,17631.0,95692.0,73706.0,7142.0,37390.0,36071.0,10923.0,3061.0,311022.0,124375.0,21710.0,314035.0,356159.0,33474.0,9954.0,561.0,1281.0,52091.0,319224.0,17065.0,70174.0,133967.0,2166.0,4031.0,93.0,2045.0,11083.0,45042.0,31392.0,13478.0,8159.0,3468.0,6015.0,4353
2021-01-01,3285,673,5363.0,359687.0,31495.0,3238.0,2094.0,79923.0,22273.0,2475.0,52754.0,120066.0,111132.0,55.0,259840.0,1775.0,102176.0,1.0,45920.0,16974.0,101712.0,2815.0,9467.0,164323.0,133804.0,262869.0,311874.0,30056.0,19650.0,34.0,7387.0,7649.0,39821.0,7371.0,2431.0,1142.0,1823.0,79930.0,113797.0,1019.0,52167.0,164446.0,255.0,147295.0,7052.0,604.0,5570.0,3051.0,10147.0,16651.0,90487.0,68899.0,6929.0,35457.0,33637.0,10280.0,2884.0,294480.0,118350.0,20965.0,301065.0,339996.0,32857.0,9113.0,479.0,1350.0,48863.0,301762.0,17336.0,67403.0,124052.0,1948.0,3530.0,107.0,1949.0,10990.0,44121.0,29407.0,13199.0,7646.0,3195.0,5897.0,3958
2021-02-01,3061,395,5340.0,340696.0,29423.0,2983.0,1986.0,76486.0,20570.0,2374.0,50373.0,118037.0,105440.0,49.0,244632.0,1807.0,97263.0,1.0,43178.0,16198.0,96033.0,2636.0,9358.0,155022.0,126778.0,249095.0,295119.0,30355.0,19477.0,28.0,7124.0,7910.0,39927.0,7591.0,2533.0,1130.0,2062.0,76023.0,108251.0,970.0,44633.0,155972.0,233.0,126670.0,6667.0,573.0,5294.0,3077.0,9542.0,15776.0,87096.0,67289.0,6561.0,33747.0,32454.0,9524.0,2732.0,277394.0,112268.0,19518.0,284402.0,322706.0,31598.0,8841.0,501.0,1237.0,46679.0,279125.0,14246.0,64148.0,119386.0,1912.0,3635.0,127.0,1834.0,10646.0,41776.0,27952.0,12072.0,7167.0,3447.0,5320.0,3456
2021-03-01,3467,659,5814.0,375745.0,32642.0,3397.0,2208.0,84507.0,22705.0,2550.0,56259.0,132877.0,116260.0,50.0,268638.0,2039.0,108674.0,5.0,46928.0,17796.0,104790.0,2857.0,10989.0,170554.0,140292.0,275275.0,325489.0,34485.0,21298.0,29.0,8232.0,8966.0,45478.0,8579.0,2922.0,1247.0,2675.0,85170.0,118020.0,1058.0,49317.0,171887.0,216.0,141400.0,7682.0,615.0,5919.0,3477.0,10666.0,17471.0,101466.0,76035.0,7374.0,37017.0,35232.0,10531.0,2971.0,310951.0,123878.0,21746.0,311496.0,358142.0,35061.0,9845.0,526.0,1367.0,52275.0,304190.0,14731.0,73716.0,133862.0,2229.0,4323.0,132.0,2047.0,11359.0,46209.0,30683.0,13275.0,7793.0,3562.0,5650.0,4126
2021-04-01,3884,753,5883.0,366914.0,31141.0,3256.0,2184.0,82284.0,22242.0,2528.0,55730.0,132995.0,113441.0,47.0,262046.0,2039.0,106213.0,0.0,46003.0,17272.0,102236.0,2854.0,10217.0,166502.0,137495.0,268440.0,318114.0,33309.0,21291.0,29.0,7822.0,9143.0,45356.0,8091.0,3091.0,1160.0,2590.0,83511.0,115731.0,1054.0,49054.0,168635.0,202.0,140946.0,7419.0,597.0,5853.0,3459.0,10234.0,16939.0,98441.0,74430.0,7185.0,36185.0,33979.0,10337.0,2923.0,305550.0,121105.0,21217.0,301992.0,349618.0,33702.0,9419.0,467.0,1145.0,54214.0,297435.0,14626.0,78977.0,131717.0,2124.0,4019.0,136.0,1985.0,11043.0,45019.0,30122.0,13033.0,7599.0,3506.0,5627.0,4637
2021-05-01,3317,581,5856.0,359470.5,30739.5,3219.5,2108.0,80206.0,22302.5,2568.0,55465.5,129320.5,111281.0,54.5,257045.0,1915.0,103334.5,2.0,44892.5,17083.0,101062.0,2733.0,9922.0,163584.5,135343.0,264620.5,312130.5,32824.5,20298.5,22.5,7664.0,8926.0,42404.0,7332.5,3087.0,1128.5,2508.5,85460.5,114247.0,1007.5,49692.0,164999.5,232.5,141897.5,7235.0,581.0,5870.5,3419.5,9981.0,16539.5,95823.5,73895.0,6936.0,35564.0,34147.5,10271.5,2745.0,299129.0,118600.5,20980.0,293549.5,344495.5,33234.5,9300.5,509.0,952.0,55740.5,291795.5,14562.5,84382.0,131122.5,2092.5,3804.5,129.5,1913.5,10969.5,44340.5,30155.5,13005.5,7573.0,3335.0,5226.0,3898
2021-06-01,4015,1164,5856.0,359470.5,30739.5,3219.5,2108.0,80206.0,22302.5,2568.0,55465.5,129320.5,111281.0,54.5,257045.0,1915.0,103334.5,2.0,44892.5,17083.0,101062.0,2733.0,9922.0,163584.5,135343.0,264620.5,312130.5,32824.5,20298.5,22.5,7664.0,8926.0,42404.0,7332.5,3087.0,1128.5,2508.5,85460.5,114247.0,1007.5,49692.0,164999.5,232.5,141897.5,7235.0,581.0,5870.5,3419.5,9981.0,16539.5,95823.5,73895.0,6936.0,35564.0,34147.5,10271.5,2745.0,299129.0,118600.5,20980.0,293549.5,344495.5,33234.5,9300.5,509.0,952.0,55740.5,291795.5,14562.5,84382.0,131122.5,2092.5,3804.5,129.5,1913.5,10969.5,44340.5,30155.5,13005.5,7573.0,3335.0,5226.0,5179
2021-07-01,4810,1218,6170.0,377349.0,32716.0,3360.0,2279.0,83711.0,24187.0,2751.0,59321.0,133627.0,116485.0,62.0,269640.0,2030.0,109921.0,4.0,47213.0,17935.0,107633.0,2897.0,10326.0,171741.0,142534.0,278746.0,328956.0,35595.0,20361.0,22.0,7772.0,10422.0,45979.0,7581.0,3161.0,1174.0,2433.0,92408.0,119831.0,1095.0,52973.0,173491.0,227.0,154713.0,7918.0,605.0,6369.0,3685.0,10417.0,17377.0,99855.0,77438.0,7157.0,37518.0,35493.0,10956.0,3060.0,314139.0,123892.0,22033.0,305538.0,360464.0,33873.0,10219.0,438.0,836.0,57714.0,305192.0,14946.0,92179.0,139348.0,2390.0,4544.0,127.0,2002.0,11256.0,47245.0,32035.0,13549.0,7746.0,3577.0,6192.0,6028
2021-08-01,5281,1086,5669.0,363449.0,31848.0,3341.0,2221.0,80702.0,22991.0,2616.0,57696.0,128660.0,112078.0,49.0,258678.0,1855.0,107068.0,4.0,46004.0,17181.0,102039.0,2722.0,9861.0,164818.0,136668.0,267525.0,316497.0,33578.0,19193.0,26.0,7304.0,8922.0,40922.0,7325.0,3019.0,1191.0,2394.0,88320.0,116300.0,1017.0,49073.0,166989.0,213.0,146120.0,7477.0,590.0,5734.0,3466.0,9960.0,16720.0,93942.0,74163.0,7042.0,36002.0,34162.0,10626.0,2816.0,301024.0,119572.0,21220.0,295954.0,347018.0,32597.0,9469.0,456.0,925.0,51710.0,289087.0,14495.0,80440.0,130999.0,2195.0,4557.0,114.0,1911.0,10937.0,44437.0,30682.0,13335.0,7267.0,3405.0,6856.0,6367
2021-09-01,6947,1467,6197.0,369905.0,32781.0,3453.0,2221.0,81663.0,23471.0,2670.0,59289.0,131429.0,113544.0,63.0,261291.0,2019.0,110529.0,2.0,46045.0,17354.0,102591.0,2772.0,10264.0,166664.0,138291.0,270846.0,321523.0,34872.0,19470.0,16.0,7453.0,9192.0,42720.0,7841.0,3062.0,1304.0,2488.0,90816.0,117736.0,1046.0,57210.0,169249.0,215.0,175144.0,8238.0,568.0,5965.0,3609.0,10199.0,16939.0,97947.0,77274.0,7170.0,36428.0,34538.0,10719.0,2838.0,306849.0,121378.0,21680.0,300433.0,354294.0,33131.0,9778.0,491.0,1209.0,53570.0,303422.0,17505.0,79913.0,134242.0,1784.0,5456.0,111.0,1966.0,11176.0,46162.0,31125.0,13372.0,8262.0,3575.0,6442.0,8414
2021-10-01,6749,1896,5754.0,362214.0,31339.0,3366.0,2242.0,79664.0,22212.0,2523.0,58956.0,130092.0,111780.0,65.0,258000.0,1968.0,107899.0,3.0,44683.0,17049.0,100140.0,2733.0,9593.0,164720.0,137406.0,267646.0,318548.0,32499.0,18851.0,24.0,7184.0,8383.0,39869.0,7617.0,3004.0,1231.0,2339.0,91111.0,116718.0,1010.0,63127.0,166719.0,187.0,187892.0,7751.0,562.0,5761.0,3638.0,10002.0,16525.0,93171.0,74281.0,7030.0,35703.0,33672.0,10597.0,2764.0,301093.0,118817.0,21352.0,291636.0,349092.0,32420.0,9437.0,460.0,1094.0,52447.0,305404.0,20448.0,74881.0,130775.0,1386.0,5720.0,103.0,1845.0,10932.0,44437.0,30430.0,12905.0,8848.0,3163.0,5705.0,8645
2021-11-01,6453,1864,6014.0,371157.0,32007.0,3584.0,2208.0,81938.0,22670.0,2705.0,60938.0,135541.0,114233.0,77.0,261926.0,1956.0,110883.0,0.0,45537.0,17388.0,101578.0,2821.0,10327.0,167004.0,140328.0,272842.0,325443.0,33492.0,19537.0,20.0,7416.0,8705.0,41160.0,7691.0,3119.0,1245.0,2259.0,92300.0,118867.0,1068.0,67165.0,169525.0,211.0,199980.0,8131.0,571.0,6074.0,3636.0,10227.0,17021.0,95851.0,75717.0,7117.0,36233.0,34922.0,10676.0,2814.0,308940.0,121991.0,21684.0,299199.0,357698.0,32990.0,9705.0,559.0,1471.0,54832.0,315935.0,22715.0,74942.0,133807.0,1354.0,6537.0,111.0,1883.0,11113.0,45764.0,31308.0,13544.0,9152.0,3271.0,6771.0,8317
2021-12-01,5673,1820,5726.0,382442.0,32746.0,3581.0,2338.0,82323.0,22693.0,2766.0,63265.0,139878.0,117746.0,72.0,270618.0,1932.0,111931.0,3.0,46604.0,17936.0,104222.0,2819.0,10049.0,173180.0,145175.0,282219.0,337639.0,31167.0,19231.0,16.0,7279.0,8212.0,38833.0,7108.0,2976.0,1058.0,1901.0,92956.0,122462.0,1072.0,66346.0,175601.0,207.0,192907.0,7625.0,566.0,6007.0,3488.0,10582.0,17440.0,93084.0,74426.0,7199.0,37298.0,35007.0,10761.0,2823.0,316767.0,125085.0,22197.0,306050.0,366491.0,32163.0,10012.0,433.0,1271.0,54884.0,321981.0,21394.0,74241.0,135225.0,1201.0,5770.0,122.0,1886.0,11013.0,45343.0,31915.0,13662.0,8503.0,2526.0,5899.0,7493
2022-01-01,6661,1975,5534.0,371358.0,31433.0,3372.0,2270.0,79962.0,21913.0,2812.0,62207.0,137555.0,114368.0,65.0,261744.0,1914.0,109900.0,2.0,45765.0,17269.0,101793.0,2784.0,9747.0,167472.0,140312.0,272083.0,325982.0,32491.0,19829.0,28.0,7529.0,8002.0,39537.0,7554.0,2951.0,1046.0,2312.0,92199.0,120005.0,1058.0,59563.0,169597.0,228.0,165414.0,7383.0,592.0,5801.0,3542.0,10239.0,16855.0,93391.0,73848.0,7309.0,36076.0,34240.0,10583.0,2826.0,306945.0,122133.0,22006.0,300438.0,358108.0,33100.0,9403.0,551.0,1507.0,52570.0,306738.0,19507.0,72832.0,131657.0,1696.0,5248.0,126.0,1910.0,11156.0,46420.0,31565.0,13784.0,7968.0,3530.0,5662.0,8636
2022-02-01,7781,2088,5335.0,353069.0,30191.0,3324.0,2143.0,75557.0,21618.0,2576.0,59846.0,133279.0,108677.0,59.0,247598.0,1921.0,106762.0,1.0,42993.0,16540.0,96114.0,2574.0,9600.0,158679.0,134203.0,258501.0,310443.0,31752.0,19178.0,21.0,7250.0,8002.0,39358.0,7057.0,2915.0,995.0,2336.0,88388.0,114609.0,1004.0,56850.0,161076.0,210.0,162335.0,7027.0,522.0,5641.0,3317.0,9679.0,15894.0,90615.0,71210.0,6821.0,34232.0,33106.0,9877.0,2716.0,290707.0,115879.0,20794.0,282757.0,339787.0,31745.0,8985.0,520.0,1426.0,50491.0,289852.0,18036.0,70095.0,127521.0,1710.0,5112.0,136.0,1714.0,10632.0,44327.0,30128.0,13379.0,7753.0,3801.0,5381.0,9869
2022-03-01,8954,2047,6144.0,377348.0,32215.0,3562.0,2319.0,81089.0,23724.0,2793.0,64907.0,144513.0,116571.0,73.0,265166.0,2026.0,115203.0,3.0,45874.0,17964.0,103324.0,2774.0,10291.0,170419.0,144924.0,279922.0,335200.0,34346.0,20877.0,17.0,7963.0,9265.0,43008.0,7714.0,3241.0,1059.0,2449.0,96532.0,121976.0,1067.0,72030.0,173073.0,243.0,206482.0,8073.0,575.0,6593.0,3535.0,10358.0,17243.0,99436.0,76747.0,7491.0,36949.0,35050.0,10587.0,2840.0,318939.0,124258.0,21867.0,302084.0,365051.0,34317.0,9576.0,494.0,1487.0,57616.0,316619.0,24893.0,80635.0,137073.0,1803.0,5868.0,150.0,1846.0,11054.0,47092.0,32392.0,13817.0,8586.0,3483.0,6000.0,11001
2022-04-01,7085,1632,6015.0,366911.0,31501.0,3514.0,2295.0,79161.0,23074.0,2770.0,64576.0,141958.0,113661.0,62.0,259195.0,1999.0,112683.0,2.0,44775.0,17489.0,100877.0,2685.0,9819.0,167022.0,142303.0,274933.0,329414.0,32856.0,19850.0,21.0,7738.0,8982.0,40587.0,6655.0,3186.0,1058.0,2277.0,94000.0,119954.0,1056.0,64886.0,169648.0,217.0,181953.0,7663.0,529.0,6130.0,3460.0,10155.0,16722.0,94956.0,73782.0,7200.0,36023.0,33755.0,10399.0,2707.0,306548.0,120340.0,21295.0,291822.0,354761.0,32931.0,9377.0,555.0,1267.0,57111.0,304339.0,21950.0,80982.0,134834.0,1727.0,5363.0,161.0,1890.0,10821.0,45507.0,30168.0,13488.0,8145.0,3401.0,5411.0,8717
2022-05-01,7026,1654,6262.0,372383.0,32274.0,3559.0,2316.0,81693.0,23159.0,2823.0,66485.0,144315.0,115192.0,68.0,260462.0,2209.0,115912.0,4.0,45478.0,17696.0,102814.0,2714.0,10524.0,168378.0,143292.0,276663.0,331292.0,35347.0,20434.0,26.0,8123.0,9467.0,42670.0,6560.0,3462.0,1041.0,2590.0,98111.0,121806.0,1070.0,63283.0,171055.0,267.0,184269.0,8009.0,543.0,6277.0,3688.0,10218.0,16816.0,98620.0,75841.0,7320.0,36389.0,34876.0,10608.0,2782.0,301067.0,122494.0,21922.0,295472.0,359784.0,33430.0,9808.0,608.0,1306.0,59808.0,307855.0,20398.0,89002.0,138646.0,1914.0,5771.0,161.0,1841.0,11007.0,47105.0,30222.0,13835.0,8430.0,3830.0,5600.0,8680
2022-06-01,8166,1795,6299.0,372389.0,32396.0,3665.0,2336.0,80396.0,22877.0,2821.0,68008.0,144428.0,114841.0,68.0,260837.0,1992.0,117060.0,3.0,45455.0,17724.0,103309.0,2657.0,10332.0,168602.0,143932.0,278206.0,334132.0,35034.0,19577.0,14.0,7961.0,9398.0,42152.0,6217.0,3477.0,1070.0,2423.0,100001.0,121963.0,1059.0,63983.0,171800.0,241.0,184398.0,8074.0,514.0,6357.0,3721.0,10295.0,16407.0,96457.0,74583.0,7428.0,36601.0,34765.0,10657.0,2706.0,306488.0,122704.0,21836.0,294637.0,360195.0,33635.0,10233.0,511.0,1193.0,63156.0,308386.0,21010.0,96547.0,141651.0,1937.0,5775.0,149.0,1827.0,11093.0,47159.0,31464.0,13708.0,8222.0,3729.0,5467.0,9961
2022-07-01,7812,1379,6317.0,371766.0,31759.0,3638.0,2346.0,80544.0,23260.0,2873.0,68355.0,143698.0,115146.0,71.0,260998.0,2025.0,117264.0,2.0,45315.0,17759.0,103687.0,2649.0,9820.0,168616.0,143894.0,278488.0,335199.0,34604.0,19631.0,16.0,7825.0,9960.0,40087.0,5753.0,3388.0,1057.0,2280.0,100101.0,121809.0,1049.0,57504.0,172266.0,227.0,165757.0,7839.0,555.0,6348.0,3569.0,10151.0,16748.0,94084.0,73883.0,7280.0,36832.0,34133.0,10822.0,2746.0,307759.0,121774.0,21574.0,291219.0,356868.0,32955.0,10096.0,563.0,1249.0,58638.0,301440.0,19209.0,93054.0,140198.0,2122.0,5388.0,129.0,1879.0,10883.0,47900.0,31168.0,13870.0,7537.0,3929.0,5289.0,9191
2022-08-01,8266,1337,6333.0,382052.0,33044.0,3707.0,2420.0,82917.0,24091.0,2912.0,70831.0,145899.0,117483.0,75.0,265908.0,2139.0,121032.0,4.0,46967.0,17913.0,105573.0,2709.0,10419.0,172123.0,146747.0,284148.0,343272.0,36309.0,20211.0,29.0,8028.0,11990.0,40519.0,6764.0,3540.0,1101.0,2527.0,105191.0,125045.0,1103.0,54402.0,176371.0,231.0,161122.0,8114.0,547.0,6553.0,3780.0,10501.0,17182.0,98307.0,76559.0,7527.0,37383.0,35268.0,11108.0,2840.0,315102.0,125502.0,22481.0,300175.0,368001.0,34204.0,10082.0,556.0,1294.0,57557.0,302595.0,17111.0,91184.0,141939.0,2294.0,5703.0,140.0,1951.0,11276.0,49512.0,32377.0,14023.0,7819.0,3744.0,5434.0,9603
2022-09-01,8944,1571,6181.0,379083.0,32339.0,3582.0,2377.0,82555.0,23282.0,2957.0,70809.0,144587.0,116399.0,64.0,262534.0,2210.0,120478.0,2.0,46126.0,17950.0,103382.0,2613.0,10303.0,169684.0,145697.0,281704.0,341019.0,35635.0,19857.0,20.0,7858.0,10907.0,38417.0,7275.0,3499.0,1059.0,2578.0,100687.0,124429.0,1089.0,62426.0,173617.0,221.0,187166.0,8424.0,604.0,6366.0,3856.0,10340.0,16794.0,97274.0,78050.0,7422.0,36924.0,35176.0,11026.0,2805.0,314505.0,122409.0,22173.0,299452.0,365453.0,34939.0,9738.0,719.0,1253.0,57439.0,310773.0,20245.0,86927.0,140562.0,2268.0,5867.0,129.0,1817.0,11225.0,48945.0,32308.0,14031.0,8784.0,3929.0,5445.0,10515
2022-10-01,9143,1536,6039.0,367831.0,30785.0,3579.0,2307.0,79787.0,21767.0,2870.0,69838.0,142821.0,113697.0,66.0,255101.0,2153.0,116756.0,3.0,44548.0,17416.0,100259.0,2478.0,9771.0,165398.0,141854.0,273317.0,332731.0,33736.0,18762.0,21.0,7660.0,9179.0,36681.0,6779.0,3331.0,876.0,2273.0,92180.0,121803.0,1081.0,69184.0,169026.0,200.0,199199.0,8320.0,577.0,6296.0,3612.0,10047.0,16574.0,92210.0,75359.0,7200.0,35671.0,34027.0,10561.0,2668.0,301945.0,118453.0,21627.0,287703.0,354373.0,33102.0,9466.0,692.0,1214.0,55386.0,305500.0,23378.0,81070.0,136143.0,2057.0,5979.0,106.0,1726.0,10686.0,47508.0,30742.0,13418.0,9122.0,3542.0,5582.0,10679
2022-11-01,10447,2177,6710.0,385545.0,31167.0,3743.0,2478.0,83429.0,22756.0,3054.0,73628.0,151479.0,119035.0,79.0,265334.0,2277.0,121829.0,3.0,46057.0,18142.0,103968.0,2611.0,10637.0,172198.0,149185.0,286731.0,349478.0,36430.0,20285.0,17.0,8061.0,10992.0,40262.0,7195.0,3601.0,831.0,2395.0,97397.0,126946.0,1118.0,77023.0,176409.0,217.0,224620.0,8847.0,581.0,6804.0,3815.0,10495.0,17195.0,97686.0,78869.0,7731.0,37409.0,35921.0,11050.0,2822.0,318163.0,124476.0,22500.0,302429.0,373055.0,34789.0,9963.0,718.0,1408.0,58854.0,323799.0,26891.0,82751.0,143342.0,2262.0,6808.0,111.0,1898.0,11114.0,49639.0,33212.0,14463.0,9675.0,3500.0,6023.0,12624
2022-12-01,9686,2156,97441.0,392174.0,31167.0,3947.0,2469.0,83097.0,23143.0,3187.0,75332.0,154810.0,121600.0,69.0,270488.0,2057.0,121663.0,1.0,46640.0,18629.0,105403.0,2607.0,9636.0,176262.0,152610.0,292477.0,358110.0,33244.0,19896.0,16.0,7689.0,10780.0,37296.0,6483.0,3201.0,653.0,1861.0,95846.0,129009.0,1110.0,9545.0,179922.0,212.0,298427.0,8964.0,548.0,9751.0,3501.0,10745.0,17475.0,95482.0,75875.0,7601.0,38036.0,35501.0,11093.0,2805.0,388695.0,57743.0,22925.0,304051.0,374860.0,33093.0,9948.0,616.0,1112.0,60555.0,343201.0,35605.0,80708.0,144699.0,3167.0,6941.0,124.0,1853.0,10875.0,49185.0,33236.0,14128.0,9856.0,2945.0,6479.0,11842
2023-01-01,8799,2490,79707.0,385539.0,31377.0,3896.0,2530.0,83084.0,22706.0,3090.0,74308.0,153311.0,118645.0,76.0,264043.0,2142.0,120003.0,1.0,45615.0,18110.0,103306.0,2575.0,10459.0,171945.0,149657.0,286705.0,350474.0,34726.0,20159.0,17.0,7872.0,9631.0,39689.0,7012.0,3393.0,753.0,2303.0,95744.0,126826.0,1081.0,9611.0,175503.0,246.0,235175.0,9040.0,570.0,8749.0,3752.0,10533.0,17063.0,96890.0,76220.0,7549.0,37117.0,35311.0,10758.0,2816.0,383455.0,54004.0,22444.0,304172.0,372424.0,35146.0,9638.0,889.0,1457.0,58716.0,323622.0,29121.0,80555.0,141174.0,2375.0,6973.0,142.0,1874.0,11054.0,50733.0,33291.0,14134.0,9365.0,4142.0,6071.0,11289
2023-02-01,7784,2256,61128.0,362402.0,29683.0,3614.0,2408.0,77881.0,21743.0,2958.0,71457.0,146644.0,111699.0,62.0,248422.0,2036.0,114868.0,0.0,43003.0,17338.0,97308.0,2390.0,9909.0,161813.0,142233.0,271059.0,332556.0,33388.0,19101.0,17.0,7606.0,8895.0,37452.0,6364.0,3307.0,643.0,2257.0,91038.0,120853.0,1026.0,9059.0,165341.0,197.0,192384.0,7513.0,510.0,6511.0,3557.0,10018.0,16080.0,91435.0,73605.0,7378.0,35227.0,33683.0,10142.0,2641.0,359591.0,50317.0,21171.0,282803.0,350178.0,33779.0,8860.0,788.0,1361.0,55169.0,298639.0,20551.0,76474.0,134812.0,2459.0,6072.0,161.0,1730.0,10633.0,47193.0,30620.0,13272.0,8844.0,4146.0,5105.0,10040
2023-03-01,10015,2928,69891.0,393750.0,32136.0,4241.0,2589.0,84944.0,24358.0,3301.0,78265.0,161132.0,121231.0,86.0,267031.0,2383.0,124258.0,1.0,46144.0,18641.0,105022.0,2047.0,10909.0,175659.0,155693.0,295730.0,362656.0,36212.0,21298.0,23.0,8448.0,10104.0,42363.0,6882.0,3948.0,727.0,2437.0,100768.0,129693.0,1134.0,9601.0,179882.0,227.0,225257.0,8757.0,453.0,7194.0,3854.0,10806.0,17583.0,102692.0,78312.0,7995.0,38168.0,36616.0,10878.0,2910.0,394660.0,53453.0,22659.0,308430.0,380065.0,37410.0,10130.0,875.0,2238.0,62153.0,324222.0,23268.0,87054.0,148576.0,2673.0,6596.0,197.0,1834.0,11430.0,51648.0,33728.0,14283.0,9596.0,4242.0,5441.0,12943
2023-04-01,7644,2475,59186.0,373588.0,30204.0,4005.0,2498.0,79027.0,22374.0,3140.0,75539.0,154443.0,115783.0,78.0,254995.0,2113.0,118611.0,3.0,43967.0,17788.0,100810.0,1418.0,9868.0,168144.0,148217.0,282498.0,347200.0,32286.0,19929.0,36.0,7978.0,9097.0,39911.0,6201.0,3733.0,606.0,2074.0,95246.0,124463.0,1056.0,9231.0,171310.0,218.0,186279.0,7861.0,464.0,6768.0,3608.0,10384.0,16544.0,93260.0,75656.0,7652.0,36389.0,34434.0,10450.0,2764.0,368641.0,52336.0,21611.0,290656.0,362062.0,35003.0,9381.0,746.0,1715.0,59019.0,300617.0,19400.0,86941.0,140483.0,2254.0,5476.0,189.0,1558.0,10556.0,50187.0,32571.0,13684.0,8332.0,3657.0,5306.0,10119
2023-05-01,9095,2761,63743.0,393755.0,32854.0,4478.0,2623.0,84854.0,25330.0,3526.0,80817.0,164211.0,121709.0,79.0,266938.0,2392.0,127635.0,1.0,46368.0,18841.0,106607.0,1920.0,10833.0,176420.0,155170.0,297200.0,364769.0,36685.0,21759.0,39.0,8627.0,10260.0,44425.0,6772.0,4261.0,592.0,2423.0,102413.0,130704.0,1132.0,10169.0,179474.0,226.0,203955.0,9052.0,543.0,7248.0,4066.0,10899.0,17527.0,103099.0,82137.0,8048.0,38506.0,37124.0,11004.0,2976.0,386998.0,56155.0,23128.0,308344.0,384106.0,37794.0,10368.0,834.0,1210.0,67110.0,318712.0,19993.0,103541.0,150827.0,2543.0,6284.0,199.0,1739.0,11180.0,56949.0,35190.0,15093.0,9122.0,4362.0,5553.0,11856
2023-06-01,6073,2239,56121.0,390826.0,32428.0,4425.0,2686.0,82708.0,25164.0,3380.0,81652.0,160529.0,121416.0,76.0,265823.0,2418.0,126808.0,3.0,46157.0,19462.0,107692.0,1982.0,10650.0,176057.0,154734.0,295891.0,365141.0,35783.0,20944.0,28.0,8336.0,9833.0,42946.0,6325.0,3958.0,543.0,2277.0,102541.0,131611.0,1126.0,9635.0,179061.0,212.0,178979.0,8485.0,539.0,7200.0,3907.0,10798.0,17370.0,99626.0,82073.0,8095.0,38738.0,36728.0,11136.0,2944.0,381016.0,55505.0,22931.0,299092.0,378295.0,37096.0,10418.0,659.0,1220.0,68117.0,315379.0,17238.0,111015.0,153631.0,2433.0,6040.0,188.0,1676.0,11139.0,56781.0,35702.0,15259.0,8647.0,4546.0,5512.0,8312
2023-07-01,5619,2213,52109.0,387392.0,32157.0,4510.0,2615.0,82158.0,24768.0,3435.0,81649.0,159146.0,120360.0,84.0,263146.0,2318.0,125977.0,2.0,45490.0,18742.0,105320.0,2072.0,10414.0,174359.0,152572.0,293085.0,363687.0,34664.0,20162.0,20.0,8383.0,9192.0,39992.0,6310.0,3789.0,505.0,2129.0,101844.0,131453.0,1123.0,9639.0,177396.0,208.0,171408.0,8603.0,559.0,6901.0,3923.0,10752.0,17072.0,97258.0,80702.0,8103.0,38305.0,35995.0,10959.0,2933.0,375400.0,55784.0,22993.0,297094.0,375885.0,36857.0,10296.0,811.0,1801.0,61357.0,304201.0,16719.0,99219.0,148687.0,2521.0,5512.0,162.0,1691.0,11233.0,57845.0,35087.0,15226.0,8288.0,4303.0,5315.0,7832
2023-08-01,6998,2722,56743.0,401906.0,33826.0,4678.0,2782.0,84961.0,25635.0,3527.0,85157.0,165162.0,125268.0,87.0,271505.0,2494.0,130161.0,1.0,47412.0,19348.0,108704.0,2185.0,10820.0,179752.0,157719.0,303634.0,377562.0,35927.0,20828.0,26.0,8463.0,10115.0,42985.0,6837.0,4000.0,455.0,2231.0,106185.0,134968.0,1195.0,10256.0,183395.0,209.0,182779.0,9431.0,568.0,7274.0,4110.0,11039.0,17667.0,102677.0,84151.0,8697.0,39522.0,37224.0,11565.0,3118.0,393898.0,57830.0,23537.0,309108.0,391136.0,38167.0,10327.0,953.0,2383.0,60591.0,314623.0,19332.0,100692.0,152217.0,2830.0,5922.0,180.0,1754.0,11352.0,60396.0,36554.0,15861.0,8577.0,4247.0,5549.0,9720
2023-09-01,7261,2757,59048.0,389347.0,32510.0,4559.0,2657.0,82822.0,24709.0,3482.0,83340.0,161488.0,121973.0,88.0,262700.0,2454.0,127046.0,5.0,45986.0,18749.0,104339.0,2158.0,10436.0,173911.0,153016.0,294478.0,367616.0,32154.0,20582.0,34.0,8292.0,9688.0,42376.0,6947.0,4014.0,460.0,2049.0,100619.0,130948.0,1212.0,9804.0,178242.0,208.0,191930.0,9127.0,569.0,7199.0,4118.0,10790.0,17138.0,99092.0,80872.0,8439.0,38246.0,36704.0,11339.0,2893.0,382907.0,55981.0,22770.0,298256.0,380010.0,37598.0,10089.0,985.0,2600.0,53840.0,311199.0,19979.0,95860.0,147743.0,3010.0,5887.0,155.0,1703.0,11029.0,58322.0,35430.0,15320.0,8927.0,4250.0,5555.0,10018
2023-10-01,7780,2758,65554.0,389997.0,32271.0,4565.0,2683.0,81054.0,24511.0,3426.0,84998.0,164002.0,122221.0,83.0,262570.0,2390.0,126338.0,3.0,45049.0,19101.0,104331.0,2132.0,10696.0,174191.0,153144.0,295534.0,369177.0,33290.0,20358.0,25.0,8208.0,9655.0,39644.0,6818.0,3954.0,406.0,2004.0,99769.0,131461.0,1208.0,9829.0,177830.0,165.0,206737.0,9242.0,612.0,7182.0,3991.0,10629.0,16960.0,99088.0,81322.0,8068.0,38177.0,36416.0,10865.0,2887.0,387726.0,56812.0,22979.0,299180.0,381674.0,38128.0,10039.0,1140.0,2880.0,56223.0,315026.0,22592.0,93217.0,148143.0,2578.0,6472.0,147.0,1705.0,10836.0,59055.0,36205.0,15091.0,9426.0,4046.0,5693.0,10538
2023-11-01,8730,2763,73318.0,401565.0,33187.0,4639.0,2788.0,78265.0,25271.0,3578.0,88211.0,170238.0,125592.0,85.0,268399.0,2611.0,129489.0,2.0,46275.0,19445.0,106480.0,2218.0,11333.0,178694.0,158131.0,303050.0,379736.0,34934.0,21920.0,25.0,8520.0,9058.0,40219.0,7358.0,4070.0,375.0,2003.0,103138.0,135244.0,1198.0,10341.0,181560.0,174.0,221963.0,9416.0,659.0,7561.0,4160.0,10982.0,17321.0,102947.0,83856.0,8395.0,39248.0,38156.0,11087.0,3046.0,400542.0,58351.0,23782.0,305216.0,392545.0,39373.0,10489.0,1429.0,2740.0,62784.0,330503.0,25603.0,95406.0,152435.0,2711.0,6892.0,144.0,1791.0,11118.0,60635.0,37189.0,15745.0,10563.0,3912.0,6343.0,11493
2023-12-01,6468,2251,82686.0,403202.0,33189.0,4630.0,2790.0,77436.0,24598.0,3676.0,89096.0,171932.0,126428.0,86.0,270213.0,2291.0,127504.0,1.0,46319.0,19468.0,106841.0,2200.0,10338.0,180061.0,158920.0,305284.0,383804.0,30852.0,20552.0,27.0,8141.0,8185.0,36473.0,6788.0,3776.0,355.0,1598.0,102091.0,135577.0,1182.0,9945.0,182885.0,187.0,245348.0,9024.0,585.0,8709.0,3940.0,10990.0,17283.0,97541.0,80731.0,8086.0,39244.0,37364.0,11076.0,2966.0,400348.0,57951.0,23586.0,301583.0,390546.0,36826.0,10320.0,1001.0,2118.0,62662.0,336887.0,29084.0,93195.0,150604.0,2679.0,6476.0,164.0,1760.0,10864.0,57430.0,36847.0,15557.0,9683.0,3780.0,6328.0,8719
2024-01-01,8567,3565,83502.0,407832.0,34352.0,4641.0,2776.0,83311.0,24780.0,3890.0,91480.0,177189.0,127386.0,76.0,271531.0,2606.0,130596.0,1.0,46700.0,19642.0,107789.0,2247.0,11302.0,180882.0,160881.0,308203.0,386401.0,33650.0,22205.0,38.0,8770.0,8739.0,42818.0,7999.0,4148.0,366.0,2028.0,103859.0,137186.0,1170.0,10363.0,183991.0,224.0,246352.0,9859.0,631.0,10572.0,4266.0,11079.0,17541.0,104069.0,83390.0,8546.0,39325.0,37750.0,11084.0,3069.0,409069.0,58915.0,23768.0,310663.0,400170.0,40065.0,10468.0,1379.0,2781.0,65543.0,336366.0,31197.0,96292.0,152575.0,3457.0,5048.0,197.0,1701.0,11335.0,61275.0,37481.0,16456.0,10151.0,4915.0,6381.0,12132
2024-02-01,7808,3183,69597.0,390349.0,32443.0,4459.0,2734.0,79082.0,23946.0,3720.0,89087.0,172606.0,123365.0,70.0,260068.0,2508.0,125308.0,0.0,44893.0,18921.0,103762.0,2121.0,10556.0,174055.0,154861.0,296928.0,372789.0,33822.0,20571.0,32.0,8372.0,8282.0,41290.0,7502.0,4121.0,273.0,1965.0,100913.0,133127.0,1137.0,9963.0,176746.0,196.0,212781.0,8879.0,571.0,8973.0,4058.0,10481.0,16677.0,98573.0,80266.0,8027.0,37871.0,36475.0,10653.0,2909.0,387585.0,56560.0,22667.0,293894.0,383186.0,38382.0,10067.0,1294.0,1709.0,63079.0,317092.0,24661.0,92049.0,146080.0,3715.0,3017.0,185.0,1662.0,10894.0,57021.0,35975.0,15421.0,9371.0,4340.0,5808.0,10991
2024-03-01,7249,2607,70725.0,394748.0,32583.0,4494.0,2767.0,79825.0,24840.0,3699.0,91073.0,177120.0,125493.0,81.0,263681.0,2490.0,127985.0,0.0,45490.0,19337.0,105028.0,2199.0,10461.0,176458.0,158420.0,302392.0,379917.0,33864.0,21166.0,36.0,8393.0,8710.0,42094.0,7538.0,4209.0,294.0,1930.0,102862.0,134852.0,1138.0,10133.0,179821.0,201.0,219375.0,8796.0,605.0,8127.0,3971.0,10675.0,16922.0,97277.0,81129.0,8183.0,38405.0,37230.0,10828.0,2886.0,390964.0,56842.0,22674.0,294469.0,387050.0,38272.0,10003.0,1359.0,1613.0,64313.0,320960.0,24953.0,94800.0,149483.0,3557.0,3512.0,196.0,1642.0,10892.0,58236.0,36728.0,15605.0,9472.0,4108.0,5412.0,9856
2024-04-01,8072,2998,69750.0,397491.0,33163.0,4407.0,2808.0,80810.0,25252.0,3514.0,92863.0,179575.0,126033.0,86.0,263251.0,2342.0,128806.0,4.0,45793.0,19298.0,107084.0,2158.0,10856.0,176344.0,158663.0,303058.0,380694.0,35880.0,21860.0,44.0,8674.0,9072.0,41119.0,8072.0,4595.0,293.0,2031.0,104710.0,135548.0,1138.0,10588.0,180601.0,216.0,214284.0,9184.0,608.0,7799.0,4093.0,10727.0,17151.0,98922.0,82921.0,8413.0,38596.0,37458.0,10817.0,3099.0,395325.0,57634.0,23093.0,298446.0,391228.0,38352.0,10133.0,1172.0,1691.0,66351.0,320313.0,25500.0,100758.0,149007.0,3194.0,5201.0,219.0,1725.0,11027.0,59664.0,37044.0,15913.0,9722.0,4545.0,4951.0,11070
2024-05-01,7562,2995,69955.0,412818.0,34619.0,4829.0,2895.0,83757.0,26264.0,4282.0,97194.0,186554.0,130744.0,86.0,272946.0,2694.0,135444.0,0.0,47395.0,20052.0,111499.0,2257.0,11348.0,182802.0,165007.0,315061.0,395920.0,38242.0,22570.0,45.0,8932.0,9537.0,42203.0,8172.0,4799.0,277.0,2077.0,109241.0,140334.0,1223.0,10938.0,187118.0,218.0,219047.0,9722.0,680.0,7964.0,4316.0,11055.0,17923.0,103652.0,87474.0,8755.0,40273.0,39397.0,11298.0,3161.0,410521.0,59418.0,23787.0,308634.0,405414.0,39852.0,10901.0,1157.0,1534.0,71504.0,331591.0,25603.0,113412.0,159488.0,3193.0,5554.0,205.0,1732.0,11184.0,62694.0,39276.0,16853.0,10044.0,4746.0,4583.0,10557
2024-06-01,6991,2446,60523.0,385437.0,31936.0,4258.0,2794.0,77165.0,23667.0,3644.0,92685.0,174417.0,122916.0,88.0,256875.0,2492.0,127506.0,3.0,44569.0,18821.0,104203.0,2118.0,10156.0,172172.0,155073.0,295743.0,372730.0,34099.0,20606.0,45.0,8098.0,8333.0,36874.0,7015.0,4415.0,254.0,1870.0,101762.0,132885.0,1129.0,9969.0,176068.0,178.0,186921.0,8432.0,578.0,7218.0,3927.0,10357.0,16529.0,91891.0,80053.0,8185.0,37848.0,36843.0,10665.0,2957.0,377826.0,55781.0,22410.0,283519.0,376862.0,36448.0,10117.0,865.0,1485.0,68851.0,304737.0,22696.0,110352.0,150845.0,2783.0,4949.0,201.0,1611.0,10466.0,57895.0,36545.0,15563.0,8812.0,4188.0,3966.0,9437
2024-07-01,7262,2493,60644.0,410192.0,34401.0,4620.0,2880.0,83320.0,26023.0,3707.0,98715.0,185612.0,130461.0,89.0,270522.0,2747.0,137231.0,4.0,47103.0,20061.0,110753.0,2282.0,11014.0,181563.0,164034.0,313078.0,395308.0,38306.0,22312.0,27.0,8697.0,9118.0,40636.0,8039.0,4888.0,287.0,1925.0,106346.0,140125.0,1223.0,11106.0,186990.0,214.0,192091.0,9723.0,673.0,7841.0,4317.0,10979.0,17373.0,102492.0,86993.0,8993.0,40256.0,38610.0,11236.0,3286.0,406818.0,59791.0,23281.0,305771.0,403649.0,39935.0,10907.0,1130.0,1893.0,69193.0,317724.0,23597.0,113103.0,157216.0,3309.0,5570.0,185.0,1712.0,11113.0,63493.0,39842.0,17151.0,9177.0,5038.0,4194.0,9755
2024-08-01,5781,2057,53339.0,408170.0,33741.0,4638.0,2897.0,83041.0,25646.0,3779.0,99254.0,184560.0,130354.0,90.0,270544.0,2580.0,135734.0,4.0,47408.0,19935.0,109475.0,2258.0,10650.0,180958.0,163231.0,311745.0,395623.0,37747.0,21416.0,34.0,8542.0,8716.0,39464.0,7955.0,4583.0,262.0,1767.0,105374.0,139934.0,985.0,10441.0,186045.0,185.0,171585.0,9256.0,660.0,7551.0,4265.0,10892.0,17174.0,98925.0,85621.0,8793.0,39977.0,38289.0,11249.0,3133.0,397953.0,59268.0,23767.0,301977.0,401448.0,38843.0,10653.0,1112.0,1874.0,65962.0,312312.0,20856.0,108196.0,154648.0,3208.0,5295.0,160.0,1697.0,10835.0,61231.0,39386.0,16490.0,8814.0,4381.0,3762.0,7838
2024-09-01,6930,2705,61556.0,397420.0,33178.0,4703.0,2838.0,81132.0,25077.0,3675.0,97200.0,181184.0,127140.0,90.0,262420.0,2687.0,132874.0,4.0,46393.0,19268.0,107357.0,2218.0,10534.0,175899.0,158401.0,302694.0,385141.0,36738.0,21212.0,27.0,8078.0,8618.0,38455.0,8096.0,4665.0,243.0,1783.0,103954.0,137577.0,1346.0,10361.0,180815.0,187.0,191618.0,9295.0,608.0,7314.0,4203.0,10584.0,16736.0,98382.0,84687.0,8711.0,38942.0,37790.0,10999.0,3054.0,389006.0,58209.0,23299.0,293710.0,392002.0,38294.0,10084.0,1215.0,1895.0,65572.0,311018.0,23415.0,103418.0,151801.0,3038.0,5522.0,148.0,1644.0,10440.0,60293.0,38128.0,16236.0,9612.0,4509.0,3622.0,9635
2024-10-01,7512,3003,68623.0,409507.0,33827.0,4894.0,2864.0,83724.0,25586.0,3793.0,100539.0,187647.0,130882.0,94.0,268816.0,2731.0,135735.0,4.0,46866.0,19907.0,109900.0,2266.0,11300.0,180504.0,163369.0,312100.0,397607.0,37669.0,21727.0,27.0,8365.0,8504.0,40038.0,8337.0,4701.0,271.0,1861.0,107430.0,140757.0,1172.0,10925.0,185112.0,200.0,207788.0,9841.0,679.0,8057.0,4405.0,10833.0,17294.0,100980.0,86816.0,8883.0,39928.0,39126.0,11166.0,3163.0,403409.0,59659.0,23440.0,301952.0,399603.0,40315.0,10429.0,1290.0,2338.0,67697.0,322264.0,26874.0,103302.0,156122.0,3004.0,5878.0,144.0,1717.0,10887.0,61171.0,39299.0,16826.0,10087.0,4670.0,3957.0,10515
2024-11-01,7724,2837,70114.0,405538.0,33453.0,4900.0,2927.0,82547.0,24984.0,3814.0,101074.0,188175.0,130163.0,79.0,265530.0,2761.0,134224.0,7.0,46106.0,19786.0,108050.0,2215.0,10951.0,179009.0,162036.0,309582.0,394392.0,36761.0,21328.0,23.0,8391.0,8141.0,39521.0,8252.0,4791.0,285.0,1806.0,106786.0,140399.0,1138.0,10773.0,183528.0,178.0,209248.0,9248.0,618.0,7974.0,4348.0,10723.0,17062.0,98126.0,78645.0,8912.0,39430.0,39076.0,11087.0,3206.0,396633.0,58639.0,23588.0,297082.0,399075.0,39025.0,10373.0,1486.0,2192.0,66989.0,321371.0,26644.0,100798.0,156798.0,3102.0,5814.0,156.0,1682.0,10663.0,60603.0,39227.0,16364.0,10212.0,4178.0,4160.0,10561
2024-12-01,7121,2698,94235.0,417538.0,34128.0,5210.0,2993.0,83977.0,25670.0,3780.0,104561.0,194402.0,134522.0,93.0,274137.0,2522.0,136482.0,3.0,47326.0,20392.0,111330.0,2248.0,10470.0,182412.0,167221.0,318158.0,407816.0,34088.0,21271.0,22.0,7839.0,7736.0,37053.0,7481.0,4473.0,220.0,1435.0,107156.0,143874.0,1183.0,10642.0,188737.0,201.0,266354.0,9453.0,631.0,12765.0,3922.0,10969.0,17455.0,96889.0,74426.0,9068.0,40975.0,39360.0,11312.0,3220.0,407517.0,60316.0,24126.0,304543.0,407593.0,38158.0,10354.0,1057.0,1698.0,69196.0,340147.0,34704.0,102516.0,157746.0,2851.0,6004.0,168.0,1722.0,10445.0,60105.0,40535.0,16858.0,10163.0,3578.0,4149.0,9819
2025-01-01,9257,4715,86627.0,415000.0,31035.0,5001.0,2980.0,84352.0,25784.0,3850.0,104437.0,195621.0,132954.0,85.0,271033.0,2684.0,135631.0,5.0,46885.0,20508.0,110165.0,2240.0,10707.0,182842.0,166536.0,316784.0,405864.0,36466.0,22518.0,23.0,8125.0,7816.0,39661.0,8211.0,4819.0,221.0,1764.0,108705.0,142780.0,1196.0,10608.0,186769.0,173.0,239600.0,9748.0,631.0,14545.0,3923.0,11013.0,17496.0,99312.0,76543.0,9170.0,40447.0,39064.0,11105.0,3228.0,406973.0,59905.0,24223.0,306168.0,409290.0,40302.0,10240.0,1332.0,1988.0,69725.0,334949.0,34060.0,102888.0,156250.0,3053.0,6182.0,187.0,1696.0,10475.0,61676.0,39779.0,16691.0,9811.0,4273.0,3915.0,13972
2025-02-01,7489,3829,64941.0,383468.0,25206.0,4586.0,2759.0,77385.0,23598.0,3573.0,98250.0,183205.0,124274.0,85.0,251193.0,2573.0,126827.0,3.0,43529.0,19032.0,102110.0,2077.0,10131.0,169628.0,154510.0,293547.0,377201.0,33960.0,20773.0,29.0,7573.0,7220.0,37486.0,7572.0,4581.0,219.0,1679.0,100714.0,133891.0,1123.0,10134.0,173251.0,195.0,195052.0,8173.0,559.0,8646.0,4074.0,10089.0,16066.0,90822.0,74997.0,8552.0,37513.0,36759.0,10345.0,3021.0,371735.0,55309.0,22412.0,280377.0,378360.0,37189.0,9509.0,1105.0,1804.0,64175.0,303045.0,25373.0,94672.0,146169.0,2877.0,5742.0,181.0,1571.0,9994.0,56764.0,37517.0,15382.0,9248.0,4421.0,3277.0,11318
2025-03-01,6102,3022,65329.0,400929.0,25052.0,4926.0,2991.0,81651.0,24716.0,3911.0,103129.0,193590.0,129899.0,86.0,261514.0,2698.0,133766.0,2.0,45369.0,19848.0,107226.0,2183.0,10666.0,176269.0,161966.0,307045.0,395180.0,36599.0,22118.0,34.0,7979.0,7812.0,40733.0,8002.0,4950.0,235.0,1769.0,107920.0,139390.0,1148.0,10895.0,181086.0,202.0,201014.0,8516.0,600.0,8699.0,4198.0,10708.0,16559.0,97817.0,72676.0,9181.0,39388.0,38641.0,10747.0,3123.0,390431.0,58499.0,23202.0,292310.0,397814.0,39519.0,9971.0,1213.0,1998.0,68529.0,311638.0,24894.0,102565.0,155867.0,2886.0,5754.0,217.0,1660.0,10511.0,60322.0,39331.0,16354.0,9515.0,4469.0,3396.0,9124
2025-04-01,5834,2825,61124.0,405046.0,24906.0,4937.0,3026.0,81599.0,25369.0,3903.0,105392.0,195373.0,131650.0,79.0,263378.0,2678.0,134920.0,1.0,45858.0,19983.0,108578.0,2154.0,11007.0,178232.0,164028.0,311020.0,399705.0,36892.0,22552.0,43.0,8048.0,7969.0,41238.0,7971.0,5158.0,242.0,1711.0,110378.0,140389.0,1175.0,10930.0,183404.0,201.0,189605.0,8622.0,588.0,8351.0,4227.0,10776.0,16669.0,97990.0,82619.0,9355.0,39414.0,39146.0,10870.0,3213.0,398686.0,58449.0,23386.0,294444.0,401222.0,40043.0,10410.0,1208.0,1877.0,70607.0,308925.0,23597.0,110758.0,158655.0,2851.0,5240.0,206.0,1729.0,10361.0,60360.0,39574.0,16852.0,9467.0,4525.0,3340.0,8659
2025-05-01,5371,2828,58350.0,414454.0,24731.0,5005.0,3054.0,84918.0,26610.0,4037.0,109492.0,199138.0,135281.0,75.0,270010.0,2913.0,136837.0,1.0,47278.0,20656.0,112176.0,2236.0,11444.0,182458.0,168124.0,319507.0,411195.0,38680.0,22939.0,33.0,8539.0,8712.0,42543.0,7936.0,5427.0,270.0,1826.0,114367.0,144257.0,1183.0,11287.0,187712.0,225.0,183190.0,8890.0,682.0,8178.0,4318.0,10856.0,17141.0,101020.0,85153.0,9537.0,40458.0,40649.0,11265.0,3272.0,410188.0,60118.0,24071.0,300643.0,411761.0,40781.0,11019.0,1024.0,1529.0,73658.0,315724.0,21614.0,119501.0,163954.0,2877.0,5319.0,209.0,1718.0,10642.0,63543.0,42097.0,17063.0,9549.0,4840.0,3378.0,8199
2025-06-01,5273,2716,55841.0,398500.0,22803.0,4722.0,2960.0,80851.0,24998.0,3831.0,107309.0,191573.0,129971.0,82.0,260518.0,2735.0,131788.0,1.0,45680.0,19891.0,108265.0,2196.0,10498.0,176282.0,161757.0,307722.0,396513.0,36632.0,21533.0,37.0,7772.0,7714.0,39280.0,7572.0,4994.0,249.0,1696.0,109520.0,139732.0,1167.0,10529.0,181115.0,170.0,175610.0,8587.0,654.0,8017.0,3994.0,10448.0,16439.0,94036.0,80251.0,9232.0,39195.0,38923.0,10832.0,3049.0,390378.0,57981.0,23471.0,287849.0,395392.0,37567.0,10488.0,1042.0,1511.0,70228.0,300104.0,20653.0,116555.0,158100.0,2840.0,5235.0,211.0,1731.0,10317.0,60852.0,40115.0,16589.0,8864.0,4816.0,3154.0,7989
2025-07-01,5964,3307,54483.0,417497.0,23876.0,5258.0,3037.0,85169.0,26674.0,3993.0,112983.0,199609.0,137117.0,75.0,271824.0,2974.0,141635.0,1.0,47610.0,20959.0,113567.0,2253.0,11341.0,183612.0,169522.0,322581.0,416058.0,39775.0,22444.0,44.0,8097.0,8693.0,43575.0,8224.0,5292.0,238.0,1799.0,116553.0,145424.0,1211.0,11215.0,189744.0,175.0,175183.0,9135.0,637.0,8694.0,4241.0,10879.0,17149.0,100152.0,85209.0,9717.0,41023.0,40263.0,11446.0,3290.0,412707.0,60743.0,24310.0,304018.0,418493.0,39312.0,11084.0,1063.0,1651.0,70823.0,310889.0,19986.0,121124.0,165924.0,3386.0,5447.0,184.0,1793.0,10714.0,64589.0,42545.0,17728.0,9277.0,4875.0,3462.0,9271
2025-08-01,5680,2824,49485.0,403036.0,22469.0,4964.0,3036.0,82596.0,25259.0,3863.0,110143.0,192162.0,132901.0,78.0,263393.0,2798.0,136774.0,3.0,46437.0,20180.0,109623.0,2158.0,10462.0,178035.0,164096.0,311954.0,404285.0,38075.0,21415.0,36.0,7711.0,8286.0,40460.0,8081.0,5140.0,221.0,1667.0,113901.0,141812.0,1136.0,10582.0,183602.0,171.0,164176.0,8634.0,585.0,8114.0,4022.0,10520.0,16663.0,93857.0,84363.0,9342.0,39674.0,38814.0,11060.0,3198.0,394624.0,58607.0,23620.0,291944.0,405833.0,36690.0,10182.0,1038.0,1931.0,65534.0,297453.0,18278.0,112556.0,159443.0,3405.0,4839.0,178.0,1791.0,10424.0,62852.0,41238.0,17003.0,8709.0,4516.0,3266.0,8504
2025-09-01,6274,3493,60109.0,410957.0,22831.0,5188.0,3062.0,85577.0,25685.0,4000.0,112764.0,196311.0,135629.0,82.0,266013.0,2953.0,140931.0,2.0,47225.0,20242.0,110176.0,2205.0,11213.0,179817.0,165608.0,315751.0,410054.0,39905.0,22073.0,42.0,8040.0,8350.0,42007.0,8753.0,5432.0,227.0,1893.0,117927.0,143823.0,1193.0,11024.0,186031.0,216.0,193504.0,9591.0,616.0,8407.0,4334.0,10688.0,16640.0,99191.0,87394.0,9837.0,40085.0,40161.0,11155.0,3300.0,406324.0,59834.0,24237.0,297692.0,411272.0,37573.0,10679.0,1258.0,2431.0,69317.0,311758.0,21322.0,112425.0,161761.0,3771.0,5115.0,157.0,1793.0,10505.0,63707.0,41975.0,17333.0,9608.0,4734.0,3702.0,9767
2025-10-01,6404,3239,63881.0,416718.0,22979.0,5300.0,3089.0,86235.0,25650.0,4018.0,115046.0,200112.0,137419.0,88.0,270116.0,2894.0,143210.0,1.0,47521.0,20837.0,112031.0,2219.0,11225.0,182636.0,169018.0,321819.0,417670.0,39490.0,22098.0,33.0,8039.0,8390.0,41803.0,8814.0,5549.0,196.0,1718.0,119995.0,145908.0,1151.0,11219.0,188132.0,206.0,200200.0,9563.0,593.0,8517.0,4463.0,10834.0,16908.0,98323.0,88257.0,10138.0,40526.0,40801.0,11331.0,3305.0,412828.0,61116.0,24242.0,303932.0,418581.0,38522.0,10642.0,1480.0,2711.0,69970.0,316047.0,23929.0,110872.0,160896.0,3996.0,4776.0,194.0,1849.0,10413.0,63694.0,42294.0,17515.0,9748.0,4779.0,3757.0,9643
2025-11-01,6057,2979,64389.0,400293.0,21564.0,4997.0,2986.0,83184.0,24390.0,3782.0,111765.0,194638.0,132467.0,68.0,258770.0,2795.0,136588.0,3.0,45389.0,20231.0,107566.0,2097.0,10690.0,175732.0,162595.0,309112.0,402286.0,36739.0,21522.0,46.0,7499.0,7725.0,39305.0,8496.0,5239.0,181.0,1710.0,118190.0,141805.0,1122.0,10839.0,180598.0,162.0,198228.0,8526.0,571.0,10099.0,4073.0,10511.0,16140.0,92956.0,83896.0,9711.0,39180.0,39747.0,10828.0,3136.0,394372.0,58394.0,23416.0,286567.0,401268.0,36470.0,9974.0,1317.0,2684.0,66903.0,305935.0,24905.0,104572.0,153197.0,3449.0,4341.0,168.0,1761.0,10073.0,60999.0,40824.0,17151.0,9368.0,4366.0,3263.0,9036
2025-12-01,5943,2604,93082.0,435140.0,23568.0,5632.0,3247.0,88877.0,27012.0,4078.0,121702.0,211804.0,144962.0,85.0,282112.0,2730.0,144451.0,1.0,49362.0,22059.0,117227.0,2202.0,10958.0,190967.0,177428.0,335770.0,438405.0,37123.0,22744.0,27.0,7790.0,7608.0,39862.0,8383.0,5171.0,162.0,1436.0,126911.0,152470.0,1211.0,11561.0,197042.0,204.0,258721.0,9491.0,604.0,18888.0,3943.0,11287.0,17509.0,97744.0,88513.0,10379.0,42431.0,41974.0,11630.0,3396.0,430473.0,63823.0,25424.0,312236.0,434841.0,37930.0,10779.0,1240.0,2229.0,73250.0,344613.0,34878.0,113003.0,166110.0,3882.0,3404.0,188.0,1908.0,10414.0,64707.0,44394.0,18595.0,10273.0,3766.0,3650.0,8547
